ticker,month,timeframe,realized_pnl,trades,tp_hits,sl_hit,ref_price,spacing
BTC-USD,2025-01,1d,0.0,0,0,False,94419.7578125,4136.041294642857
ETH-USD,2025-01,1d,447.7826974051345,4,1,False,3353.504150390625,202.12295968191964
XRP-USD,2025-01,1d,0.0,0,0,False,2.322340965270996,0.16443029471806117
BNB-USD,2025-01,1d,0.0,1,0,False,706.512939453125,34.34777396065848
SOL-USD,2025-01,1d,0.0,0,0,False,193.8737335205078,14.391175406319755
TRX-USD,2025-01,1d,0.08711003512144089,6,1,False,0.2553139925003052,0.011998072266578674
DOGE-USD,2025-01,1d,0.0,0,0,False,0.32430601119995117,0.027934715151786804
BCH-USD,2025-01,1d,25.963969639369395,2,1,False,449.35986328125,31.795854840959823
LINK-USD,2025-01,1d,1.3583431925092402,2,1,False,21.67484474182129,2.2703196661812917
LEO-USD,2025-01,1d,0.0,0,0,False,9.075591087341309,0.3057007108415876
XLM-USD,2025-01,1d,0.0,0,0,False,0.4237760007381439,0.034704787390572686
USDe-USD,2025-01,1d,-230.71835042749134,16,0,True,0.9796720147132874,0.033178129366465976
AAVE-USD,2025-01,1d,13.745246887207031,2,1,False,319.34600830078125,38.13868713378906
BGB-USD,2025-01,1d,0.0,0,0,False,5.914109230041504,1.0317282846995763
OKB-USD,2025-01,1d,0.0,0,0,False,48.423458099365234,3.2969534737723216
XAUt-USD,2025-01,1d,0.0,0,0,False,2621.71728515625,22.266130719866073
PAXG-USD,2025-01,1d,0.0,0,0,False,2623.677734375,26.367030552455358
BTC-USD,2025-02,1d,0.0,3,0,False,100655.90625,4136.041294642857
ETH-USD,2025-02,1d,0.0,4,0,False,3118.32861328125,202.12295968191964
XRP-USD,2025-02,1d,1.4798726524625523,8,0,False,2.8844690322875977,0.16443029471806117
BNB-USD,2025-02,1d,77.1191384451729,4,1,False,653.4329223632812,34.34777396065848
SOL-USD,2025-02,1d,0.0,5,0,False,213.78501892089844,14.391175406319755
TRX-USD,2025-02,1d,0.0333782359957695,4,1,False,0.24440999329090118,0.011998072266578674
DOGE-USD,2025-02,1d,0.04558434337377548,4,1,False,0.30835700035095215,0.027934715151786804
BCH-USD,2025-02,1d,0.0,3,0,False,404.39166259765625,31.795854840959823
LINK-USD,2025-02,1d,1.2981529917035761,2,1,False,23.048158645629883,2.2703196661812917
LEO-USD,2025-02,1d,1.8342042650495287,4,0,False,9.676668167114258,0.3057007108415876
XLM-USD,2025-02,1d,0.017744664634977092,2,1,False,0.39330899715423584,0.034704787390572686
AAVE-USD,2025-02,1d,26.39508819580078,2,1,False,297.15679931640625,38.13868713378906
BGB-USD,2025-02,1d,0.0,2,0,False,6.779032230377197,1.0317282846995763
OKB-USD,2025-02,1d,4.240851811000276,2,1,False,51.12100601196289,3.2969534737723216
XAUt-USD,2025-02,1d,0.0,0,0,False,2796.4052734375,22.266130719866073
PAXG-USD,2025-02,1d,0.0,0,0,False,2817.709716796875,26.367030552455358
BTC-USD,2025-03,1d,3109.8431919642826,2,1,False,86031.9140625,4136.041294642857
ETH-USD,2025-03,1d,94.43797956194192,2,1,False,2216.643310546875,202.12295968191964
XRP-USD,2025-03,1d,0.21111475569861304,2,1,False,2.190603017807007,0.16443029471806117
BNB-USD,2025-03,1d,88.33315822056352,4,1,False,607.5115356445312,34.34777396065848
SOL-USD,2025-03,1d,6.044931139264776,2,1,False,143.6757049560547,14.391175406319755
TRX-USD,2025-03,1d,0.01799710839986801,2,0,False,0.23379699885845184,0.011998072266578674
DOGE-USD,2025-03,1d,0.018461577594280243,2,1,False,0.20653699338436127,0.027934715151786804
BCH-USD,2025-03,1d,0.0,0,0,False,311.22760009765625,31.795854840959823
LINK-USD,2025-03,1d,0.0,0,0,False,14.788805961608887,2.2703196661812917
LEO-USD,2025-03,1d,0.0,2,0,False,9.775246620178223,0.3057007108415876
XLM-USD,2025-03,1d,0.08661743147032605,4,1,False,0.31185299158096313,0.034704787390572686
AAVE-USD,2025-03,1d,0.0,0,0,False,194.85800170898438,38.13868713378906
BGB-USD,2025-03,1d,0.0,0,0,False,4.059117794036865,1.0317282846995763
OKB-USD,2025-03,1d,4.945430210658479,2,0,False,45.46786880493164,3.2969534737723216
XAUt-USD,2025-03,1d,0.0,0,0,False,2855.280517578125,22.266130719866073
PAXG-USD,2025-03,1d,0.0,0,0,False,2851.52734375,26.367030552455358
BTC-USD,2025-04,1d,15965.681919642848,4,1,False,85169.171875,4136.041294642857
ETH-USD,2025-04,1d,447.3908255440846,4,1,False,1905.491455078125,202.12295968191964
XRP-USD,2025-04,1d,0.6081268531935554,4,1,False,2.139611005783081,0.16443029471806117
BNB-USD,2025-04,1d,30.260552542550272,2,1,False,611.297119140625,34.34777396065848
SOL-USD,2025-04,1d,10.149503435407375,2,1,False,126.68238067626953,14.391175406319755
TRX-USD,2025-04,1d,0.0,0,0,False,0.2377920001745224,0.011998072266578674
DOGE-USD,2025-04,1d,0.021329574286937714,2,1,False,0.17408600449562073,0.027934715151786804
BCH-USD,2025-04,1d,36.75451224190846,2,1,False,308.4830017089844,31.795854840959823
LINK-USD,2025-04,1d,1.3269091333661764,2,1,False,14.042898178100586,2.2703196661812917
LEO-USD,2025-04,1d,0.4585510662623822,2,0,False,9.195120811462402,0.3057007108415876
XLM-USD,2025-04,1d,0.013027195419584026,2,1,False,0.2722429931163788,0.034704787390572686
AAVE-USD,2025-04,1d,22.399200439453125,2,1,False,166.2379608154297,38.13868713378906
BGB-USD,2025-04,1d,0.0,0,0,False,4.651937007904053,1.0317282846995763
OKB-USD,2025-04,1d,0.0,0,0,False,48.30601119995117,3.2969534737723216
XAUt-USD,2025-04,1d,4241.697902134461,14,0,False,3142.318603515625,22.266130719866073
PAXG-USD,2025-04,1d,1226.066920689165,10,0,False,3132.093505859375,26.367030552455358
BTC-USD,2025-05,1d,0.0,0,0,False,96492.3359375,4136.041294642857
ETH-USD,2025-05,1d,0.0,0,0,False,1839.2215576171875,202.12295968191964
XRP-USD,2025-05,1d,0.0,0,0,False,2.2141621112823486,0.16443029471806117
BNB-USD,2025-05,1d,0.0,0,0,False,599.918212890625,34.34777396065848
SOL-USD,2025-05,1d,0.0,0,0,False,150.84658813476562,14.391175406319755
TRX-USD,2025-05,1d,0.0,0,0,False,0.2447880059480667,0.011998072266578674
DOGE-USD,2025-05,1d,0.0,0,0,False,0.180758997797966,0.027934715151786804
BCH-USD,2025-05,1d,0.0,0,0,False,361.1256103515625,31.795854840959823
LINK-USD,2025-05,1d,0.0,0,0,False,14.75207805633545,2.2703196661812917
LEO-USD,2025-05,1d,1.2884778295244512,4,1,False,9.0013427734375,0.3057007108415876
XLM-USD,2025-05,1d,0.0,0,0,False,0.27366000413894653,0.034704787390572686
AAVE-USD,2025-05,1d,0.0,0,0,False,173.0249786376953,38.13868713378906
BGB-USD,2025-05,1d,0.0,0,0,False,4.381946086883545,1.0317282846995763
OKB-USD,2025-05,1d,0.0,0,0,False,51.483402252197266,3.2969534737723216
XAUt-USD,2025-05,1d,100.19758823939674,4,0,False,3250.65576171875,22.266130719866073
PAXG-USD,2025-05,1d,39.55054582868274,2,0,False,3249.65185546875,26.367030552455358
BTC-USD,2025-06,1d,6092.569754464283,2,1,False,105652.1015625,4136.041294642857
ETH-USD,2025-06,1d,131.52233014787976,2,1,False,2536.266357421875,202.12295968191964
XRP-USD,2025-06,1d,0.22733317954199683,2,1,False,2.1791839599609375,0.16443029471806117
BNB-USD,2025-06,1d,25.639794485909647,2,1,False,660.9917602539062,34.34777396065848
SOL-USD,2025-06,1d,11.1512848990304,2,1,False,157.7845458984375,14.391175406319755
TRX-USD,2025-06,1d,0.0,0,0,False,0.2711620032787323,0.011998072266578674
DOGE-USD,2025-06,1d,0.0,1,0,False,0.19363200664520264,0.027934715151786804
BCH-USD,2025-06,1d,0.0,0,0,False,403.7017517089844,31.795854840959823
LINK-USD,2025-06,1d,1.6236758913312643,2,1,False,14.062182426452637,2.2703196661812917
LEO-USD,2025-06,1d,0.0,0,0,False,8.640192985534668,0.3057007108415876
XLM-USD,2025-06,1d,0.02040568419865202,2,1,False,0.26732200384140015,0.034704787390572686
AAVE-USD,2025-06,1d,0.0,0,0,False,246.0038604736328,38.13868713378906
BGB-USD,2025-06,1d,0.0,0,0,False,4.7916059494018555,1.0317282846995763
OKB-USD,2025-06,1d,0.0,0,0,False,50.106746673583984,3.2969534737723216
XAUt-USD,2025-06,1d,66.79839215959782,3,0,False,3313.6796875,22.266130719866073
PAXG-USD,2025-06,1d,0.0,1,0,False,3321.167724609375,26.367030552455358
BTC-USD,2025-07,1d,0.0,0,0,False,105698.28125,4136.041294642857
ETH-USD,2025-07,1d,0.0,0,0,False,2405.792724609375,202.12295968191964
XRP-USD,2025-07,1d,0.0,0,0,False,2.1721949577331543,0.16443029471806117
BNB-USD,2025-07,1d,0.0,0,0,False,646.39794921875,34.34777396065848
SOL-USD,2025-07,1d,0.0,0,0,False,146.9266357421875,14.391175406319755
TRX-USD,2025-07,1d,0.0,0,0,False,0.2788510024547577,0.011998072266578674
DOGE-USD,2025-07,1d,0.0,0,0,False,0.15775099396705627,0.027934715151786804
BCH-USD,2025-07,1d,0.0,0,0,False,500.6935119628906,31.795854840959823
LINK-USD,2025-07,1d,0.0,0,0,False,12.896029472351074,2.2703196661812917
LEO-USD,2025-07,1d,0.0,0,0,False,8.917842864990234,0.3057007108415876
XLM-USD,2025-07,1d,0.0,0,0,False,0.22553899884223938,0.034704787390572686
AAVE-USD,2025-07,1d,0.0,0,0,False,260.1282043457031,38.13868713378906
BGB-USD,2025-07,1d,0.0,0,0,False,4.461717128753662,1.0317282846995763
OKB-USD,2025-07,1d,0.0,0,0,False,49.04086685180664,3.2969534737723216
XAUt-USD,2025-07,1d,33.39919607979891,4,0,False,3337.509521484375,22.266130719866073
PAXG-USD,2025-07,1d,39.55054582868274,4,0,False,3347.624267578125,26.367030552455358
BTC-USD,2025-08,1d,0.0,1,0,False,113320.0859375,4136.041294642857
ETH-USD,2025-08,1d,0.0,0,0,False,3488.365966796875,202.12295968191964
XRP-USD,2025-08,1d,0.22406589133398902,2,1,False,2.96459698677063,0.16443029471806117
BNB-USD,2025-08,1d,0.0,0,0,False,757.1865844726562,34.34777396065848
SOL-USD,2025-08,1d,0.0,0,0,False,162.87709045410156,14.391175406319755
TRX-USD,2025-08,1d,0.0,0,0,False,0.3234710097312927,0.011998072266578674
DOGE-USD,2025-08,1d,0.0,0,0,False,0.20121599733829498,0.027934715151786804
BCH-USD,2025-08,1d,0.0,0,0,False,535.5762329101562,31.795854840959823
LINK-USD,2025-08,1d,0.0,0,0,False,16.101533889770508,2.2703196661812917
LEO-USD,2025-08,1d,0.0,0,0,False,8.953471183776855,0.3057007108415876
XLM-USD,2025-08,1d,0.0,0,0,False,0.3827829957008362,0.034704787390572686
AAVE-USD,2025-08,1d,0.0,0,0,False,255.84518432617188,38.13868713378906
BGB-USD,2025-08,1d,0.0,0,0,False,4.28502082824707,1.0317282846995763
OKB-USD,2025-08,1d,0.0,0,0,False,46.22712326049805,3.2969534737723216
XAUt-USD,2025-08,1d,33.39919607979891,2,0,False,3360.583984375,22.266130719866073
PAXG-USD,2025-08,1d,39.55054582868274,2,0,False,3363.060302734375,26.367030552455358
BTC-USD,2025-09,1d,0.0,0,0,False,109250.59375,4136.041294642857
ETH-USD,2025-09,1d,763.8606916155136,4,1,False,4314.47021484375,202.12295968191964
XRP-USD,2025-09,1d,0.0,0,0,False,2.753695011138916,0.16443029471806117
BNB-USD,2025-09,1d,0.0,0,0,False,845.8262939453125,34.34777396065848
SOL-USD,2025-09,1d,0.0,0,0,False,197.10833740234375,14.391175406319755
TRX-USD,2025-09,1d,0.014923609793186188,2,1,False,0.3370850086212158,0.011998072266578674
DOGE-USD,2025-09,1d,0.0,0,0,False,0.2102539986371994,0.027934715151786804
BCH-USD,2025-09,1d,0.0,0,0,False,544.568603515625,31.795854840959823
LINK-USD,2025-09,1d,1.3122406687055292,2,1,False,22.481395721435547,2.2703196661812917
LEO-USD,2025-09,1d,0.0,0,0,False,9.545675277709961,0.3057007108415876
XLM-USD,2025-09,1d,0.0,0,0,False,0.3565550148487091,0.034704787390572686
AAVE-USD,2025-09,1d,13.464637756347656,2,1,False,304.34228515625,38.13868713378906
BGB-USD,2025-09,1d,0.0,0,0,False,4.652582168579102,1.0317282846995763
OKB-USD,2025-09,1d,0.0,0,0,False,167.792236328125,3.2969534737723216
XAUt-USD,2025-09,1d,0.0,0,0,False,3489.41943359375,22.266130719866073
PAXG-USD,2025-09,1d,0.0,0,0,False,3502.559326171875,26.367030552455358
BTC-USD,2025-10,1d,0.0,2,0,False,118648.9296875,4136.041294642857
ETH-USD,2025-10,1d,1212.737758091519,6,0,False,4351.1123046875,202.12295968191964
XRP-USD,2025-10,1d,0.9865817683083682,5,0,False,2.9472780227661133,0.16443029471806117
BNB-USD,2025-10,1d,0.0,0,0,False,1026.166748046875,34.34777396065848
SOL-USD,2025-10,1d,129.52057865687772,6,0,False,221.67587280273438,14.391175406319755
TRX-USD,2025-10,1d,0.0,4,0,False,0.3418709933757782,0.011998072266578674
DOGE-USD,2025-10,1d,0.026945337653160095,4,1,False,0.24836499989032745,0.027934715151786804
BCH-USD,2025-10,1d,274.6122959681921,6,1,False,593.0653686523438,31.795854840959823
LINK-USD,2025-10,1d,4.799193722861153,4,1,False,22.582313537597656,2.2703196661812917
LEO-USD,2025-10,1d,1.3756531987871465,4,0,False,9.583098411560059,0.3057007108415876
XLM-USD,2025-10,1d,0.05111691994326467,4,1,False,0.39800798892974854,0.034704787390572686
AAVE-USD,2025-10,1d,19.36273956298828,2,1,False,286.39495849609375,38.13868713378906
BGB-USD,2025-10,1d,0.0,0,0,False,5.294093132019043,1.0317282846995763
OKB-USD,2025-10,1d,-3323.226866585862,26,0,True,191.8030242919922,3.2969534737723216
XAUt-USD,2025-10,1d,0.0,0,0,False,3865.514404296875,22.266130719866073
PAXG-USD,2025-10,1d,0.0,0,0,False,3874.288330078125,26.367030552455358
BTC-USD,2025-11,1d,210938.10602678562,9,0,False,110064.015625,4136.041294642857
ETH-USD,2025-11,1d,0.0,5,0,False,3874.18798828125,202.12295968191964
XRP-USD,2025-11,1d,1.2332272103854602,6,0,False,2.505173921585083,0.16443029471806117
BNB-USD,2025-11,1d,3709.5595877511196,10,0,False,1094.642333984375,34.34777396065848
SOL-USD,2025-11,1d,22.375107356480214,4,1,False,186.3800506591797,14.391175406319755
TRX-USD,2025-11,1d,0.016344107687473297,2,1,False,0.29741498827934265,0.011998072266578674
DOGE-USD,2025-11,1d,0.0,1,0,False,0.18728099763393402,0.027934715151786804
BCH-USD,2025-11,1d,70.49070085797996,4,1,False,554.5016479492188,31.795854840959823
LINK-USD,2025-11,1d,1.3764692034040182,2,1,False,17.1216983795166,2.2703196661812917
LEO-USD,2025-11,1d,1.3756531987871465,4,0,False,9.509845733642578,0.3057007108415876
XLM-USD,2025-11,1d,0.015040193285260905,2,1,False,0.30509600043296814,0.034704787390572686
AAVE-USD,2025-11,1d,0.0,1,0,False,222.8101348876953,38.13868713378906
BGB-USD,2025-11,1d,0.20416119268962296,2,1,False,4.537470817565918,1.0317282846995763
OKB-USD,2025-11,1d,-3334.968599591937,20,0,True,144.61785888671875,3.2969534737723216
XAUt-USD,2025-11,1d,233.79437255859239,6,0,False,4004.068603515625,22.266130719866073
PAXG-USD,2025-11,1d,118.65163748604823,4,0,False,4007.91015625,26.367030552455358
BTC-USD,2025-12,1d,0.0,0,0,False,86321.5703125,4136.041294642857
ETH-USD,2025-12,1d,0.0,0,0,False,2800.18896484375,202.12295968191964
XRP-USD,2025-12,1d,0.09886842114584782,2,1,False,2.0309159755706787,0.16443029471806117
BNB-USD,2025-12,1d,0.0,0,0,False,827.4053955078125,34.34777396065848
SOL-USD,2025-12,1d,0.0,0,0,False,126.70902252197266,14.391175406319755
TRX-USD,2025-12,1d,0.0,0,0,False,0.27699801325798035,0.011998072266578674
DOGE-USD,2025-12,1d,0.0,0,0,False,0.13558800518512726,0.027934715151786804
BCH-USD,2025-12,1d,0.0,0,0,False,522.865234375,31.795854840959823
LINK-USD,2025-12,1d,0.0,0,0,False,12.08540153503418,2.2703196661812917
LEO-USD,2025-12,1d,-358.42249141420626,16,0,True,9.853632926940918,0.3057007108415876
XLM-USD,2025-12,1d,0.0,0,0,False,0.23396599292755127,0.034704787390572686
AAVE-USD,2025-12,1d,0.0,0,0,False,171.70977783203125,38.13868713378906
BGB-USD,2025-12,1d,0.0,0,0,False,3.4553120136260986,1.0317282846995763
OKB-USD,2025-12,1d,0.0,0,0,False,98.7601547241211,3.2969534737723216
XAUt-USD,2025-12,1d,33.39919607979891,2,0,False,4226.07568359375,22.266130719866073
PAXG-USD,2025-12,1d,39.550545828683425,2,0,False,4246.2890625,26.367030552455358
BTC-USD,2025-01,4h,0.0,0,0,False,93614.7421875,4136.041294642857
ETH-USD,2025-01,4h,137.35130964006726,2,1,False,3347.579833984375,202.12295968191964
XRP-USD,2025-01,4h,0.0,0,0,False,2.1019065380096436,0.16443029471806117
BNB-USD,2025-01,4h,27.775170462472147,2,1,False,704.14111328125,34.34777396065848
SOL-USD,2025-01,4h,10.885278429303838,2,1,False,190.0164794921875,14.391175406319755
TRX-USD,2025-01,4h,0.09927519410848618,6,1,False,0.25550785660743713,0.011998072266578674
DOGE-USD,2025-01,4h,0.0,0,0,False,0.31832578778266907,0.027934715151786804
BCH-USD,2025-01,4h,24.033534458705333,2,1,False,435.09307861328125,31.795854840959823
LINK-USD,2025-01,4h,0.0,0,0,False,20.056081771850586,2.2703196661812917
LEO-USD,2025-01,4h,0.0,0,0,False,8.896907806396484,0.3057007108415876
XLM-USD,2025-01,4h,0.0,0,0,False,0.3387841284275055,0.034704787390572686
AAVE-USD,2025-01,4h,25.264915466308594,2,1,False,311.7120361328125,38.13868713378906
BGB-USD,2025-01,4h,0.0,0,0,False,6.098787784576416,1.0317282846995763
OKB-USD,2025-01,4h,2.6884378705705885,2,1,False,49.33304214477539,3.2969534737723216
XAUt-USD,2025-01,4h,0.0,0,0,False,2622.64501953125,22.266130719866073
PAXG-USD,2025-01,4h,0.0,0,0,False,2631.765380859375,26.367030552455358
BTC-USD,2025-02,4h,5842.737723214283,2,1,False,102246.7734375,4136.041294642857
ETH-USD,2025-02,4h,866.5081525530143,6,1,False,3290.14306640625,202.12295968191964
XRP-USD,2025-02,4h,6.906072378158577,16,0,False,3.0380897521972656,0.16443029471806117
BNB-USD,2025-02,4h,491.52814374651257,8,1,False,677.1851806640625,34.34777396065848
SOL-USD,2025-02,4h,32.385368892124745,4,1,False,231.58578491210938,14.391175406319755
TRX-USD,2025-02,4h,0.10737050324678421,6,1,False,0.2553038001060486,0.011998072266578674
DOGE-USD,2025-02,4h,0.10173245519399643,6,1,False,0.3273511528968811,0.027934715151786804
BCH-USD,2025-02,4h,0.0,4,0,False,426.9338684082031,31.795854840959823
LINK-USD,2025-02,4h,13.621917997087742,7,0,False,25.61820411682129,2.2703196661812917
LEO-USD,2025-02,4h,3.1529874801635795,6,1,False,9.782764434814453,0.3057007108415876
XLM-USD,2025-02,4h,0.05297783655779714,4,1,False,0.41638439893722534,0.034704787390572686
AAVE-USD,2025-02,4h,61.13916778564453,4,1,False,326.2261047363281,38.13868713378906
BGB-USD,2025-02,4h,0.5721524017197743,2,1,False,6.876147747039795,1.0317282846995763
OKB-USD,2025-02,4h,6.157200949532651,4,1,False,53.09584045410156,3.2969534737723216
XAUt-USD,2025-02,4h,33.39919607979891,2,0,False,2795.7802734375,22.266130719866073
PAXG-USD,2025-02,4h,39.55054582868274,2,0,False,2809.000732421875,26.367030552455358
BTC-USD,2025-03,4h,3773.7455357142826,2,1,False,85235.5546875,4136.041294642857
ETH-USD,2025-03,4h,114.88756452287976,2,1,False,2261.569580078125,202.12295968191964
XRP-USD,2025-03,4h,0.0,0,0,False,2.1860833168029785,0.16443029471806117
BNB-USD,2025-03,4h,29.313622610909647,2,1,False,591.9492797851562,34.34777396065848
SOL-USD,2025-03,4h,5.4995743887764945,2,1,False,145.87294006347656,14.391175406319755
TRX-USD,2025-03,4h,0.010550133883953094,2,1,False,0.2353927344083786,0.011998072266578674
DOGE-USD,2025-03,4h,0.0069730281829833984,2,1,False,0.20631319284439087,0.027934715151786804
BCH-USD,2025-03,4h,0.0,0,0,False,322.88092041015625,31.795854840959823
LINK-USD,2025-03,4h,0.7354913439069479,2,1,False,14.828983306884766,2.2703196661812917
LEO-USD,2025-03,4h,0.0,0,0,False,9.2793607711792,0.3057007108415876
XLM-USD,2025-03,4h,0.027641479458127727,2,1,False,0.2950703501701355,0.034704787390572686
AAVE-USD,2025-03,4h,0.0,0,0,False,194.0244903564453,38.13868713378906
BGB-USD,2025-03,4h,0.0,0,0,False,4.105893135070801,1.0317282846995763
OKB-USD,2025-03,4h,1.7901109967912916,2,1,False,45.23115158081055,3.2969534737723216
XAUt-USD,2025-03,4h,0.0,0,0,False,2857.65625,22.266130719866073
PAXG-USD,2025-03,4h,0.0,0,0,False,2864.96337890625,26.367030552455358
BTC-USD,2025-04,4h,5152.772879464283,2,1,False,82928.46875,4136.041294642857
ETH-USD,2025-04,4h,671.3653302873882,4,1,False,1833.6168212890625,202.12295968191964
XRP-USD,2025-04,4h,0.2506047657557894,4,1,False,2.096449136734009,0.16443029471806117
BNB-USD,2025-04,4h,126.84116690499457,4,1,False,608.7544555664062,34.34777396065848
SOL-USD,2025-04,4h,10.976327623639797,2,1,False,125.90216064453125,14.391175406319755
TRX-USD,2025-04,4h,0.011479519307613373,2,1,False,0.2367636114358902,0.011998072266578674
DOGE-USD,2025-04,4h,0.010292865335941315,2,1,False,0.1683504283428192,0.027934715151786804
BCH-USD,2025-04,4h,14.139155796595958,2,1,False,304.9447326660156,31.795854840959823
LINK-USD,2025-04,4h,0.6174169267926901,2,1,False,13.620665550231934,2.2703196661812917
LEO-USD,2025-04,4h,0.3713070324489056,2,1,False,9.199722290039062,0.3057007108415876
XLM-USD,2025-04,4h,0.019727867628846874,2,1,False,0.26501378417015076,0.034704787390572686
AAVE-USD,2025-04,4h,12.720680236816406,2,1,False,161.4245147705078,38.13868713378906
BGB-USD,2025-04,4h,0.0,0,0,False,4.587123870849609,1.0317282846995763
OKB-USD,2025-04,4h,0.0,0,0,False,48.17656326293945,3.2969534737723216
XAUt-USD,2025-04,4h,12858.690490722583,20,0,False,3188.06298828125,22.266130719866073
PAXG-USD,2025-04,4h,3796.8523995535434,16,0,False,3161.789794921875,26.367030552455358
BTC-USD,2025-05,4h,0.0,0,0,False,94788.671875,4136.041294642857
ETH-USD,2025-05,4h,0.0,0,0,False,1808.1986083984375,202.12295968191964
XRP-USD,2025-05,4h,0.0,0,0,False,2.205127000808716,0.16443029471806117
BNB-USD,2025-05,4h,0.0,0,0,False,599.5010986328125,34.34777396065848
SOL-USD,2025-05,4h,0.0,0,0,False,148.70669555664062,14.391175406319755
TRX-USD,2025-05,4h,0.0,0,0,False,0.2466101497411728,0.011998072266578674
DOGE-USD,2025-05,4h,0.0,0,0,False,0.17406561970710754,0.027934715151786804
BCH-USD,2025-05,4h,0.0,0,0,False,367.63348388671875,31.795854840959823
LINK-USD,2025-05,4h,0.0,0,0,False,14.538318634033203,2.2703196661812917
LEO-USD,2025-05,4h,1.7906137193952318,6,1,False,9.126447677612305,0.3057007108415876
XLM-USD,2025-05,4h,0.0,0,0,False,0.2719394564628601,0.034704787390572686
AAVE-USD,2025-05,4h,0.0,0,0,False,168.03778076171875,38.13868713378906
BGB-USD,2025-05,4h,0.0,0,0,False,4.349874973297119,1.0317282846995763
OKB-USD,2025-05,4h,0.0,0,0,False,51.390132904052734,3.2969534737723216
XAUt-USD,2025-05,4h,768.181509835375,16,0,False,3247.1240234375,22.266130719866073
PAXG-USD,2025-05,4h,395.50545828682743,10,0,False,3251.97607421875,26.367030552455358
BTC-USD,2025-06,4h,4478.323660714283,2,1,False,104448.6640625,4136.041294642857
ETH-USD,2025-06,4h,166.00548444475476,2,1,False,2515.096435546875,202.12295968191964
XRP-USD,2025-06,4h,0.09081875426428687,2,1,False,2.165321111679077,0.16443029471806117
BNB-USD,2025-06,4h,29.268395560128397,2,1,False,656.0340576171875,34.34777396065848
SOL-USD,2025-06,4h,6.745538439069463,2,1,False,154.75775146484375,14.391175406319755
TRX-USD,2025-06,4h,0.0,0,0,False,0.26739758253097534,0.011998072266578674
DOGE-USD,2025-06,4h,0.00643506646156311,2,1,False,0.1901356726884842,0.027934715151786804
BCH-USD,2025-06,4h,0.0,0,0,False,409.3837890625,31.795854840959823
LINK-USD,2025-06,4h,0.8278923715863913,2,1,False,13.868180274963379,2.2703196661812917
LEO-USD,2025-06,4h,0.4002534321376263,2,1,False,8.692227363586426,0.3057007108415876
XLM-USD,2025-06,4h,0.022595305527959575,2,1,False,0.26584339141845703,0.034704787390572686
AAVE-USD,2025-06,4h,0.0,0,0,False,241.34080505371094,38.13868713378906
BGB-USD,2025-06,4h,0.0,0,0,False,4.696802139282227,1.0317282846995763
OKB-USD,2025-06,4h,0.0,0,0,False,50.130348205566406,3.2969534737723216
XAUt-USD,2025-06,4h,0.0,0,0,False,3292.154541015625,22.266130719866073
PAXG-USD,2025-06,4h,0.0,0,0,False,3303.563232421875,26.367030552455358
BTC-USD,2025-07,4h,0.0,0,0,False,107240.25,4136.041294642857
ETH-USD,2025-07,4h,0.0,0,0,False,2486.552490234375,202.12295968191964
XRP-USD,2025-07,4h,0.0,0,0,False,2.2363877296447754,0.16443029471806117
BNB-USD,2025-07,4h,0.0,0,0,False,655.9166870117188,34.34777396065848
SOL-USD,2025-07,4h,0.0,0,0,False,153.91513061523438,14.391175406319755
TRX-USD,2025-07,4h,0.0,0,0,False,0.2798325717449188,0.011998072266578674
DOGE-USD,2025-07,4h,0.0,0,0,False,0.16483484208583832,0.027934715151786804
BCH-USD,2025-07,4h,22.227015904017833,2,1,False,524.3247680664062,31.795854840959823
LINK-USD,2025-07,4h,0.0,0,0,False,13.31229019165039,2.2703196661812917
LEO-USD,2025-07,4h,0.0,0,0,False,9.080096244812012,0.3057007108415876
XLM-USD,2025-07,4h,0.0,0,0,False,0.23846791684627533,0.034704787390572686
AAVE-USD,2025-07,4h,0.0,0,0,False,274.9330139160156,38.13868713378906
BGB-USD,2025-07,4h,0.0,0,0,False,4.541431427001953,1.0317282846995763
OKB-USD,2025-07,4h,0.0,1,0,False,49.80596160888672,3.2969534737723216
XAUt-USD,2025-07,4h,66.79839215959782,4,0,False,3320.119140625,22.266130719866073
PAXG-USD,2025-07,4h,79.10109165736549,4,0,False,3329.041259765625,26.367030552455358
BTC-USD,2025-08,4h,0.0,1,0,False,115640.3046875,4136.041294642857
ETH-USD,2025-08,4h,219.41332135881726,2,1,False,3704.96826171875,202.12295968191964
XRP-USD,2025-08,4h,0.12019251925604713,2,1,False,2.999692440032959,0.16443029471806117
BNB-USD,2025-08,4h,30.032586233956522,2,1,False,783.4246826171875,34.34777396065848
SOL-USD,2025-08,4h,0.0,0,0,False,171.09397888183594,14.391175406319755
TRX-USD,2025-08,4h,0.0,0,0,False,0.3280458450317383,0.011998072266578674
DOGE-USD,2025-08,4h,0.0,0,0,False,0.20904599130153656,0.027934715151786804
BCH-USD,2025-08,4h,22.080623081752208,2,1,False,570.2960205078125,31.795854840959823
LINK-USD,2025-08,4h,0.0,0,0,False,16.870105743408203,2.2703196661812917
LEO-USD,2025-08,4h,0.0,0,0,False,8.930655479431152,0.3057007108415876
XLM-USD,2025-08,4h,0.0,1,0,False,0.3965429663658142,0.034704787390572686
AAVE-USD,2025-08,4h,0.0,0,0,False,261.0310363769531,38.13868713378906
BGB-USD,2025-08,4h,0.0,0,0,False,4.3932414054870605,1.0317282846995763
OKB-USD,2025-08,4h,0.0,0,0,False,47.32511520385742,3.2969534737723216
XAUt-USD,2025-08,4h,0.0,0,0,False,3296.30419921875,22.266130719866073
PAXG-USD,2025-08,4h,0.0,0,0,False,3299.320556640625,26.367030552455358
BTC-USD,2025-09,4h,0.0,0,0,False,107691.9609375,4136.041294642857
ETH-USD,2025-09,4h,558.1099417550217,4,1,False,4406.755859375,202.12295968191964
XRP-USD,2025-09,4h,0.0,0,0,False,2.744755744934082,0.16443029471806117
BNB-USD,2025-09,4h,0.0,0,0,False,856.809326171875,34.34777396065848
SOL-USD,2025-09,4h,0.0,0,0,False,198.6477508544922,14.391175406319755
TRX-USD,2025-09,4h,0.012244932353496552,2,1,False,0.3382246196269989,0.011998072266578674
DOGE-USD,2025-09,4h,0.0,0,0,False,0.2105042189359665,0.027934715151786804
BCH-USD,2025-09,4h,0.0,0,0,False,534.955078125,31.795854840959823
LINK-USD,2025-09,4h,1.3100748743329707,2,1,False,23.076839447021484,2.2703196661812917
LEO-USD,2025-09,4h,0.0,0,0,False,9.620476722717285,0.3057007108415876
XLM-USD,2025-09,4h,0.0,0,0,False,0.3484029471874237,0.034704787390572686
AAVE-USD,2025-09,4h,16.748313903808594,2,1,False,311.9927978515625,38.13868713378906
BGB-USD,2025-09,4h,0.0,0,0,False,4.519027233123779,1.0317282846995763
OKB-USD,2025-09,4h,0.0,0,0,False,167.19366455078125,3.2969534737723216
XAUt-USD,2025-09,4h,0.0,0,0,False,3486.71044921875,22.266130719866073
PAXG-USD,2025-09,4h,0.0,0,0,False,3493.30322265625,26.367030552455358
BTC-USD,2025-10,4h,17320.955357142848,4,1,False,114211.859375,4136.041294642857
ETH-USD,2025-10,4h,163.81481061662976,2,1,False,4131.66357421875,202.12295968191964
XRP-USD,2025-10,4h,0.35185332809175773,4,1,False,2.8183248043060303,0.16443029471806117
BNB-USD,2025-10,4h,0.0,0,0,False,1005.746826171875,34.34777396065848
SOL-USD,2025-10,4h,38.57328087942943,4,1,False,206.82708740234375,14.391175406319755
TRX-USD,2025-10,4h,0.03599421679973602,5,0,False,0.33408257365226746,0.011998072266578674
DOGE-USD,2025-10,4h,0.010839678347110748,2,1,False,0.2309643179178238,0.027934715151786804
BCH-USD,2025-10,4h,20.183192661830333,2,1,False,560.7389526367188,31.795854840959823
LINK-USD,2025-10,4h,0.8490467752729121,2,1,False,21.208494186401367,2.2703196661812917
LEO-USD,2025-10,4h,0.4585510662623822,2,0,False,9.551312446594238,0.3057007108415876
XLM-USD,2025-10,4h,0.016776834215436687,2,1,False,0.362736314535141,0.034704787390572686
AAVE-USD,2025-10,4h,14.829757690429688,2,1,False,270.3401184082031,38.13868713378906
BGB-USD,2025-10,4h,0.0,0,0,False,5.2293381690979,1.0317282846995763
OKB-USD,2025-10,4h,-3177.775517054957,38,0,True,186.83804321289062,3.2969534737723216
XAUt-USD,2025-10,4h,33.39919607979891,2,0,False,3861.521240234375,22.266130719866073
PAXG-USD,2025-10,4h,39.55054582868274,2,0,False,3870.73681640625,26.367030552455358
BTC-USD,2025-11,4h,12284.278459821413,4,1,False,110170.6484375,4136.041294642857
ETH-USD,2025-11,4h,1687.743818010604,6,1,False,3859.515380859375,202.12295968191964
XRP-USD,2025-11,4h,0.37507160220827385,4,1,False,2.5141584873199463,0.16443029471806117
BNB-USD,2025-11,4h,10304.332188197553,14,0,False,1089.043701171875,34.34777396065848
SOL-USD,2025-11,4h,22.612000056675527,4,1,False,187.06198120117188,14.391175406319755
TRX-USD,2025-11,4h,0.01266353577375412,2,1,False,0.29577526450157166,0.011998072266578674
DOGE-USD,2025-11,4h,0.008386664092540741,2,1,False,0.18684619665145874,0.027934715151786804
BCH-USD,2025-11,4h,118.26378086635054,4,1,False,544.2244262695312,31.795854840959823
LINK-USD,2025-11,4h,1.5375977243695944,2,1,False,17.30377960205078,2.2703196661812917
LEO-USD,2025-11,4h,4.935378619602757,10,1,False,9.585254669189453,0.3057007108415876
XLM-USD,2025-11,4h,0.013341997350965251,2,1,False,0.3044397532939911,0.034704787390572686
AAVE-USD,2025-11,4h,12.834205627441406,2,1,False,227.9861297607422,38.13868713378906
BGB-USD,2025-11,4h,0.14162924460002335,2,1,False,4.5407233238220215,1.0317282846995763
OKB-USD,2025-11,4h,-2105.866952623641,26,0,True,143.48007202148438,3.2969534737723216
XAUt-USD,2025-11,4h,300.5927647181902,10,0,False,4002.233642578125,22.266130719866073
PAXG-USD,2025-11,4h,158.20218331473097,6,0,False,4003.108642578125,26.367030552455358
BTC-USD,2025-12,4h,0.0,0,0,False,86533.8359375,4136.041294642857
ETH-USD,2025-12,4h,0.0,0,0,False,2840.8212890625,202.12295968191964
XRP-USD,2025-12,4h,0.07629888398306706,2,1,False,2.056957244873047,0.16443029471806117
BNB-USD,2025-12,4h,0.0,0,0,False,832.2188720703125,34.34777396065848
SOL-USD,2025-12,4h,0.0,0,0,False,127.35733032226562,14.391175406319755
TRX-USD,2025-12,4h,0.0,0,0,False,0.2763844132423401,0.011998072266578674
DOGE-USD,2025-12,4h,0.0,0,0,False,0.13763345777988434,0.027934715151786804
BCH-USD,2025-12,4h,0.0,0,0,False,521.9745483398438,31.795854840959823
LINK-USD,2025-12,4h,0.0,0,0,False,12.178263664245605,2.2703196661812917
LEO-USD,2025-12,4h,-426.5096257414136,18,0,True,9.886490821838379,0.3057007108415876
XLM-USD,2025-12,4h,0.0,0,0,False,0.23181600868701935,0.034704787390572686
AAVE-USD,2025-12,4h,0.0,0,0,False,166.45030212402344,38.13868713378906
BGB-USD,2025-12,4h,0.0,0,0,False,3.4745564460754395,1.0317282846995763
OKB-USD,2025-12,4h,0.0,0,0,False,97.9855728149414,3.2969534737723216
XAUt-USD,2025-12,4h,267.1935686383913,10,0,False,4234.6865234375,22.266130719866073
PAXG-USD,2025-12,4h,197.75272914341713,6,0,False,4251.05029296875,26.367030552455358
BTC-USD,2025-01,1h,0.0,0,0,False,94256.0546875,4136.041294642857
ETH-USD,2025-01,1h,131.90135846819226,2,1,False,3358.024658203125,202.12295968191964
XRP-USD,2025-01,1h,0.0,0,0,False,2.101891279220581,0.16443029471806117
BNB-USD,2025-01,1h,25.531212942940897,2,1,False,705.6370849609375,34.34777396065848
SOL-USD,2025-01,1h,8.118852342878057,2,1,False,191.7858428955078,14.391175406319755
TRX-USD,2025-01,1h,0.10073867440223694,6,1,False,0.2548663914203644,0.011998072266578674
DOGE-USD,2025-01,1h,0.0,0,0,False,0.31975802779197693,0.027934715151786804
BCH-USD,2025-01,1h,16.843623570033458,2,1,False,438.37359619140625,31.795854840959823
LINK-USD,2025-01,1h,0.0,0,0,False,20.154483795166016,2.2703196661812917
LEO-USD,2025-01,1h,0.40422310147966733,2,1,False,9.060091972351074,0.3057007108415876
XLM-USD,2025-01,1h,0.0,0,0,False,0.3411235213279724,0.034704787390572686
AAVE-USD,2025-01,1h,20.718544006347656,2,1,False,311.9104919433594,38.13868713378906
BGB-USD,2025-01,1h,0.0,0,0,False,6.151481628417969,1.0317282846995763
OKB-USD,2025-01,1h,1.7435335431780103,2,1,False,49.50661087036133,3.2969534737723216
XAUt-USD,2025-01,1h,0.0,0,0,False,2624.59326171875,22.266130719866073
PAXG-USD,2025-01,1h,0.0,0,0,False,2628.716796875,26.367030552455358
BTC-USD,2025-02,1h,17922.010044642848,4,1,False,102466.0078125,4136.041294642857
ETH-USD,2025-02,1h,2425.475516183038,8,0,False,3318.17626953125,202.12295968191964
XRP-USD,2025-02,1h,10.852399451392053,18,0,False,3.0415234565734863,0.16443029471806117
BNB-USD,2025-02,1h,1010.3757346017028,12,1,False,680.4279174804688,34.34777396065848
SOL-USD,2025-02,1h,115.12437384469166,6,1,False,232.3875732421875,14.391175406319755
TRX-USD,2025-02,1h,0.24312076717615128,8,1,False,0.2545093595981598,0.011998072266578674
DOGE-USD,2025-02,1h,0.08322078734636307,6,1,False,0.32911416888237,0.027934715151786804
BCH-USD,2025-02,1h,381.55025809151766,6,0,False,426.9053955078125,31.795854840959823
LINK-USD,2025-02,1h,5.632596220288951,6,1,False,25.44186782836914,2.2703196661812917
LEO-USD,2025-02,1h,4.12695959636144,8,0,False,9.686570167541504,0.3057007108415876
XLM-USD,2025-02,1h,0.12114555920873377,6,1,False,0.4154745042324066,0.034704787390572686
AAVE-USD,2025-02,1h,119.24393463134766,6,1,False,331.4420166015625,38.13868713378906
BGB-USD,2025-02,1h,0.24698569944926652,2,1,False,6.921891689300537,1.0317282846995763
OKB-USD,2025-02,1h,6.658297674996518,4,1,False,52.9844856262207,3.2969534737723216
XAUt-USD,2025-02,1h,33.39919607979891,2,0,False,2797.43017578125,22.266130719866073
PAXG-USD,2025-02,1h,39.55054582868274,2,0,False,2805.089111328125,26.367030552455358
BTC-USD,2025-03,1h,3128.4291294642826,2,1,False,83832.046875,4136.041294642857
ETH-USD,2025-03,1h,325.7853567940846,4,1,False,2216.365966796875,202.12295968191964
XRP-USD,2025-03,1h,0.08773957831518986,2,1,False,2.123352527618408,0.16443029471806117
BNB-USD,2025-03,1h,125.11704581124457,4,1,False,586.8662109375,34.34777396065848
SOL-USD,2025-03,1h,16.020786830357125,4,1,False,145.97311401367188,14.391175406319755
TRX-USD,2025-03,1h,0.01044657826423645,2,1,False,0.23312020301818848,0.011998072266578674
DOGE-USD,2025-03,1h,0.0095171257853508,2,1,False,0.1995440423488617,0.027934715151786804
BCH-USD,2025-03,1h,0.0,0,0,False,315.39508056640625,31.795854840959823
LINK-USD,2025-03,1h,0.7351952280317038,2,1,False,14.596014976501465,2.2703196661812917
LEO-USD,2025-03,1h,0.0,0,0,False,9.291899681091309,0.3057007108415876
XLM-USD,2025-03,1h,0.016363639916692485,2,1,False,0.28369444608688354,0.034704787390572686
AAVE-USD,2025-03,1h,0.0,0,0,False,188.10304260253906,38.13868713378906
BGB-USD,2025-03,1h,0.0,0,0,False,3.938230037689209,1.0317282846995763
OKB-USD,2025-03,1h,1.7558931623186353,2,1,False,44.642005920410156,3.2969534737723216
XAUt-USD,2025-03,1h,0.0,0,0,False,2856.111572265625,22.266130719866073
PAXG-USD,2025-03,1h,0.0,0,0,False,2859.875244140625,26.367030552455358
BTC-USD,2025-04,1h,3251.0775669642826,2,1,False,82639.5234375,4136.041294642857
ETH-USD,2025-04,1h,668.4640241350445,4,1,False,1831.25439453125,202.12295968191964
XRP-USD,2025-04,1h,0.2951932719775606,4,1,False,2.074002742767334,0.16443029471806117
BNB-USD,2025-04,1h,69.09554835728227,4,1,False,606.5107421875,34.34777396065848
SOL-USD,2025-04,1h,13.41011973789761,2,1,False,124.34558868408203,14.391175406319755
TRX-USD,2025-04,1h,0.009365871548652649,2,1,False,0.2369123101234436,0.011998072266578674
DOGE-USD,2025-04,1h,0.010890752077102661,2,1,False,0.1666768193244934,0.027934715151786804
BCH-USD,2025-04,1h,12.957988194056895,2,1,False,303.94219970703125,31.795854840959823
LINK-USD,2025-04,1h,0.4230147089276999,2,1,False,13.548572540283203,2.2703196661812917
LEO-USD,2025-04,1h,0.3322583607264935,2,1,False,9.145552635192871,0.3057007108415876
XLM-USD,2025-04,1h,0.010344919349466075,2,1,False,0.26329365372657776,0.034704787390572686
AAVE-USD,2025-04,1h,5.8401947021484375,2,1,False,159.99398803710938,38.13868713378906
BGB-USD,2025-04,1h,0.0,0,0,False,4.5418701171875,1.0317282846995763
OKB-USD,2025-04,1h,0.0,0,0,False,48.069881439208984,3.2969534737723216
XAUt-USD,2025-04,1h,15129.835824148906,24,0,False,3181.078125,22.266130719866073
PAXG-USD,2025-04,1h,4469.21167864115,18,0,False,3154.3095703125,26.367030552455358
BTC-USD,2025-05,1h,0.0,0,0,False,94372.2890625,4136.041294642857
ETH-USD,2025-05,1h,0.0,0,0,False,1796.96337890625,202.12295968191964
XRP-USD,2025-05,1h,0.0,0,0,False,2.194957971572876,0.16443029471806117
BNB-USD,2025-05,1h,0.0,0,0,False,600.6854248046875,34.34777396065848
SOL-USD,2025-05,1h,0.0,0,0,False,147.88613891601562,14.391175406319755
TRX-USD,2025-05,1h,0.0,0,0,False,0.24713091552257538,0.011998072266578674
DOGE-USD,2025-05,1h,0.0,0,0,False,0.17311789095401764,0.027934715151786804
BCH-USD,2025-05,1h,0.0,0,0,False,369.5025634765625,31.795854840959823
LINK-USD,2025-05,1h,0.0,0,0,False,14.431880950927734,2.2703196661812917
LEO-USD,2025-05,1h,1.2835025106157598,4,1,False,9.066834449768066,0.3057007108415876
XLM-USD,2025-05,1h,0.0,0,0,False,0.2717757225036621,0.034704787390572686
AAVE-USD,2025-05,1h,0.0,0,0,False,165.24630737304688,38.13868713378906
BGB-USD,2025-05,1h,0.0,0,0,False,4.357606410980225,1.0317282846995763
OKB-USD,2025-05,1h,0.0,0,0,False,51.21517562866211,3.2969534737723216
XAUt-USD,2025-05,1h,1369.3670392717554,20,0,False,3259.514404296875,22.266130719866073
PAXG-USD,2025-05,1h,949.2130998883858,18,0,False,3262.31591796875,26.367030552455358
BTC-USD,2025-06,1h,4097.077566964283,2,1,False,104459.8203125,4136.041294642857
ETH-USD,2025-06,1h,137.34252057756726,2,1,False,2525.9423828125,202.12295968191964
XRP-USD,2025-06,1h,0.07908605677740943,2,1,False,2.173142910003662,0.16443029471806117
BNB-USD,2025-06,1h,27.871117728097147,2,1,False,656.7440795898438,34.34777396065848
SOL-USD,2025-06,1h,5.659768785749151,2,1,False,156.1753692626953,14.391175406319755
TRX-USD,2025-06,1h,0.0,0,0,False,0.2651907503604889,0.011998072266578674
DOGE-USD,2025-06,1h,0.008736982941627502,2,1,False,0.1915549486875534,0.027934715151786804
BCH-USD,2025-06,1h,16.771754673549083,2,1,False,414.3689270019531,31.795854840959823
LINK-USD,2025-06,1h,0.48877818243844207,2,1,False,13.922147750854492,2.2703196661812917
LEO-USD,2025-06,1h,0.0,0,0,False,8.61899185180664,0.3057007108415876
XLM-USD,2025-06,1h,0.00901174971035551,2,1,False,0.26437070965766907,0.034704787390572686
AAVE-USD,2025-06,1h,0.0,0,0,False,243.24510192871094,38.13868713378906
BGB-USD,2025-06,1h,0.0,0,0,False,4.748004913330078,1.0317282846995763
OKB-USD,2025-06,1h,0.0,0,0,False,50.50518035888672,3.2969534737723216
XAUt-USD,2025-06,1h,33.39919607979891,2,0,False,3288.16796875,22.266130719866073
PAXG-USD,2025-06,1h,0.0,0,0,False,3297.5517578125,26.367030552455358
BTC-USD,2025-07,1h,0.0,0,0,False,107375.3515625,4136.041294642857
ETH-USD,2025-07,1h,0.0,0,0,False,2492.91552734375,202.12295968191964
XRP-USD,2025-07,1h,0.0,0,0,False,2.239309310913086,0.16443029471806117
BNB-USD,2025-07,1h,0.0,0,0,False,658.1923828125,34.34777396065848
SOL-USD,2025-07,1h,0.0,0,0,False,154.67274475097656,14.391175406319755
TRX-USD,2025-07,1h,0.0,0,0,False,0.27980566024780273,0.011998072266578674
DOGE-USD,2025-07,1h,0.0,0,0,False,0.16538740694522858,0.027934715151786804
BCH-USD,2025-07,1h,0.0,0,0,False,507.1882629394531,31.795854840959823
LINK-USD,2025-07,1h,0.0,0,0,False,13.346970558166504,2.2703196661812917
LEO-USD,2025-07,1h,0.0,0,0,False,9.072213172912598,0.3057007108415876
XLM-USD,2025-07,1h,0.0,0,0,False,0.23838602006435394,0.034704787390572686
AAVE-USD,2025-07,1h,0.0,0,0,False,275.540771484375,38.13868713378906
BGB-USD,2025-07,1h,0.0,0,0,False,4.544027328491211,1.0317282846995763
OKB-USD,2025-07,1h,0.0,1,0,False,49.912715911865234,3.2969534737723216
XAUt-USD,2025-07,1h,66.79839215959782,4,0,False,3312.858642578125,22.266130719866073
PAXG-USD,2025-07,1h,39.55054582868274,2,0,False,3320.567626953125,26.367030552455358
BTC-USD,2025-08,1h,0.0,1,0,False,115435.421875,4136.041294642857
ETH-USD,2025-08,1h,135.08299909319226,2,1,False,3684.9970703125,202.12295968191964
XRP-USD,2025-08,1h,0.10735725505011451,2,1,False,2.9814999103546143,0.16443029471806117
BNB-USD,2025-08,1h,30.740746634347147,2,1,False,786.5374145507812,34.34777396065848
SOL-USD,2025-08,1h,0.0,0,0,False,170.08941650390625,14.391175406319755
TRX-USD,2025-08,1h,0.0,0,0,False,0.32474520802497864,0.011998072266578674
DOGE-USD,2025-08,1h,0.0,0,0,False,0.20727606117725372,0.027934715151786804
BCH-USD,2025-08,1h,20.815089634486583,2,1,False,560.8080444335938,31.795854840959823
LINK-USD,2025-08,1h,0.0,0,0,False,16.733217239379883,2.2703196661812917
LEO-USD,2025-08,1h,0.0,0,0,False,8.938033103942871,0.3057007108415876
XLM-USD,2025-08,1h,0.0,1,0,False,0.39441418647766113,0.034704787390572686
AAVE-USD,2025-08,1h,0.0,0,0,False,259.3863525390625,38.13868713378906
BGB-USD,2025-08,1h,0.0,0,0,False,4.3553948402404785,1.0317282846995763
OKB-USD,2025-08,1h,0.0,0,0,False,46.635311126708984,3.2969534737723216
XAUt-USD,2025-08,1h,0.0,0,0,False,3294.914794921875,22.266130719866073
PAXG-USD,2025-08,1h,0.0,0,0,False,3296.54248046875,26.367030552455358
BTC-USD,2025-09,1h,0.0,0,0,False,108297.6484375,4136.041294642857
ETH-USD,2025-09,1h,563.0955374581467,4,1,False,4397.85791015625,202.12295968191964
XRP-USD,2025-09,1h,0.0,0,0,False,2.7669882774353027,0.16443029471806117
BNB-USD,2025-09,1h,0.0,0,0,False,862.0244140625,34.34777396065848
SOL-USD,2025-09,1h,0.0,0,0,False,200.8568115234375,14.391175406319755
TRX-USD,2025-09,1h,0.049054451286792755,4,1,False,0.3404490351676941,0.011998072266578674
DOGE-USD,2025-09,1h,0.0,0,0,False,0.2132512629032135,0.027934715151786804
BCH-USD,2025-09,1h,0.0,0,0,False,542.6456909179688,31.795854840959823
LINK-USD,2025-09,1h,1.146721908024377,2,1,False,23.174697875976562,2.2703196661812917
LEO-USD,2025-09,1h,0.0,0,0,False,9.61142349243164,0.3057007108415876
XLM-USD,2025-09,1h,0.0,0,0,False,0.351807177066803,0.034704787390572686
AAVE-USD,2025-09,1h,12.676460266113281,2,1,False,314.209228515625,38.13868713378906
BGB-USD,2025-09,1h,0.0,0,0,False,4.530179977416992,1.0317282846995763
OKB-USD,2025-09,1h,24.727151053292502,6,0,False,171.290283203125,3.2969534737723216
XAUt-USD,2025-09,1h,0.0,0,0,False,3454.018310546875,22.266130719866073
PAXG-USD,2025-09,1h,0.0,0,0,False,3456.552001953125,26.367030552455358
BTC-USD,2025-10,1h,4871.417410714283,2,1,False,114231.078125,4136.041294642857
ETH-USD,2025-10,1h,853.8020978655143,4,1,False,4146.712890625,202.12295968191964
XRP-USD,2025-10,1h,1.3355200716427407,6,1,False,2.8385403156280518,0.16443029471806117
BNB-USD,2025-10,1h,0.0,0,0,False,1012.2115478515625,34.34777396065848
SOL-USD,2025-10,1h,20.625122615269277,4,1,False,207.1251220703125,14.391175406319755
TRX-USD,2025-10,1h,0.03564988821744919,4,1,False,0.3335992097854614,0.011998072266578674
DOGE-USD,2025-10,1h,0.008968859910964966,2,1,False,0.23221153020858765,0.027934715151786804
BCH-USD,2025-10,1h,59.782052176339334,4,1,False,561.0849609375,31.795854840959823
LINK-USD,2025-10,1h,0.8576040949140253,2,1,False,21.202789306640625,2.2703196661812917
LEO-USD,2025-10,1h,0.348508971078056,2,1,False,9.53105640411377,0.3057007108415876
XLM-USD,2025-10,1h,0.013296936239515056,2,1,False,0.3637103736400604,0.034704787390572686
AAVE-USD,2025-10,1h,8.973106384277344,2,1,False,272.84796142578125,38.13868713378906
BGB-USD,2025-10,1h,0.0,0,0,False,5.220440864562988,1.0317282846995763
OKB-USD,2025-10,1h,-681.3016139439032,54,0,True,187.771240234375,3.2969534737723216
XAUt-USD,2025-10,1h,33.39919607979891,2,0,False,3863.92626953125,22.266130719866073
PAXG-USD,2025-10,1h,39.55054582868274,2,0,False,3873.881591796875,26.367030552455358
BTC-USD,2025-11,1h,210938.10602678562,10,0,False,109681.0078125,4136.041294642857
ETH-USD,2025-11,1h,3026.3156825474357,8,1,False,3846.476318359375,202.12295968191964
XRP-USD,2025-11,1h,0.27322061572756096,4,1,False,2.500067949295044,0.16443029471806117
BNB-USD,2025-11,1h,11128.67876325336,16,0,False,1092.290771484375,34.34777396065848
SOL-USD,2025-11,1h,22.216354915073964,4,1,False,186.93154907226562,14.391175406319755
TRX-USD,2025-11,1h,0.011278308928012848,2,1,False,0.2961157262325287,0.011998072266578674
DOGE-USD,2025-11,1h,0.00714430958032608,2,1,False,0.18608804047107697,0.027934715151786804
BCH-USD,2025-11,1h,76.97963823590965,4,1,False,538.5484619140625,31.795854840959823
LINK-USD,2025-11,1h,0.6121698107038229,2,1,False,17.13467025756836,2.2703196661812917
LEO-USD,2025-11,1h,3.0968914031982475,8,1,False,9.520627975463867,0.3057007108415876
XLM-USD,2025-11,1h,0.01274136134556364,2,1,False,0.3040957748889923,0.034704787390572686
AAVE-USD,2025-11,1h,13.488212585449219,2,1,False,227.1968994140625,38.13868713378906
BGB-USD,2025-11,1h,0.3399435537202016,2,1,False,4.500741004943848,1.0317282846995763
OKB-USD,2025-11,1h,-6583.932486942837,28,0,True,143.0423126220703,3.2969534737723216
XAUt-USD,2025-11,1h,300.5927647181902,10,0,False,3998.154052734375,22.266130719866073
PAXG-USD,2025-11,1h,197.75272914341372,8,0,False,4000.52099609375,26.367030552455358
BTC-USD,2025-12,1h,0.0,0,0,False,86533.8359375,4136.041294642857
ETH-USD,2025-12,1h,0.0,0,0,False,2840.8212890625,202.12295968191964
XRP-USD,2025-12,1h,0.07629888398306706,2,1,False,2.056957244873047,0.16443029471806117
BNB-USD,2025-12,1h,0.0,0,0,False,832.2188720703125,34.34777396065848
SOL-USD,2025-12,1h,0.0,0,0,False,127.35733032226562,14.391175406319755
TRX-USD,2025-12,1h,0.0,0,0,False,0.2763844132423401,0.011998072266578674
DOGE-USD,2025-12,1h,0.0,0,0,False,0.13763345777988434,0.027934715151786804
BCH-USD,2025-12,1h,0.0,0,0,False,521.9745483398438,31.795854840959823
LINK-USD,2025-12,1h,0.0,0,0,False,12.178263664245605,2.2703196661812917
LEO-USD,2025-12,1h,-288.86602643557956,20,0,True,9.886490821838379,0.3057007108415876
XLM-USD,2025-12,1h,0.0,0,0,False,0.23181600868701935,0.034704787390572686
AAVE-USD,2025-12,1h,0.0,0,0,False,166.45030212402344,38.13868713378906
BGB-USD,2025-12,1h,0.0,0,0,False,3.4745564460754395,1.0317282846995763
OKB-USD,2025-12,1h,0.0,0,0,False,97.9855728149414,3.2969534737723216
XAUt-USD,2025-12,1h,333.9919607979891,12,0,False,4234.6865234375,22.266130719866073
PAXG-USD,2025-12,1h,276.853820800784,8,0,False,4251.05029296875,26.367030552455358
