ticker,month,timeframe,roi,tp_hits,sl_hits,spacing
BNB-USD,2025-01,1d,-0.0530392061076418,4,2,0.03383986768460986
XRP-USD,2025-01,1d,0.14419616320126805,13,2,0.04958206302924657
SOL-USD,2025-01,1d,0.08030086014001427,17,3,0.056765779250213345
TRX-USD,2025-01,1d,-0.09493146570448516,9,5,0.02090985612910639
DOGE-USD,2025-01,1d,-0.01627486010069333,11,2,0.06765052045390196
BCH-USD,2025-01,1d,-0.16218468250272053,9,2,0.0709315498242031
LEO-USD,2025-01,1d,0.09232603284252036,2,0,0.08813356919806431
LINK-USD,2025-01,1d,-0.0449564437587469,13,3,0.059161827084307526
USDe-USD,2025-01,1d,-0.11510992145120326,5,1,0.1
XLM-USD,2025-01,1d,0.0888549599592261,15,2,0.0696812438451659
XAUt-USD,2025-01,1d,0.14964777585995762,1,0,0.02053178731056527
BGB-USD,2025-01,1d,0.3339424969077299,17,5,0.02023716687281513
PAXG-USD,2025-01,1d,0.09366667697911907,2,0,0.0221428825937659
AAVE-USD,2025-01,1d,-0.13074825574363785,11,2,0.09054137595727334
OKB-USD,2025-01,1d,-0.10108771849516415,11,3,0.04707008096672337
ONDO-USD,2025-01,1d,0.36811943509466805,18,1,0.07692439567161159
USDD-USD,2025-01,1d,0.00014145721321256132,0,0,0.015
BNB-USD,2025-02,1d,-0.1700980152691045,9,5,0.03383986768460986
XRP-USD,2025-02,1d,-0.3699847563509684,6,4,0.04958206302924657
SOL-USD,2025-02,1d,-0.3436893510025402,9,4,0.056765779250213345
TRX-USD,2025-02,1d,-0.3457013312921663,5,7,0.02090985612910639
DOGE-USD,2025-02,1d,-0.639757806808484,10,5,0.06765052045390196
BCH-USD,2025-02,1d,-0.5258839484178497,3,3,0.0709315498242031
LEO-USD,2025-02,1d,-0.07141517333388038,0,0,0.08813356919806431
LINK-USD,2025-02,1d,-0.14872776451984465,11,3,0.059161827084307526
XLM-USD,2025-02,1d,-0.5361749261419755,8,4,0.0696812438451659
XAUt-USD,2025-02,1d,-0.024013263822853334,1,0,0.02053178731056527
BGB-USD,2025-02,1d,-0.2972880074214481,10,12,0.02023716687281513
PAXG-USD,2025-02,1d,-0.05364114846042867,2,0,0.0221428825937659
AAVE-USD,2025-02,1d,-0.6332774621921272,1,2,0.09054137595727334
OKB-USD,2025-02,1d,-0.24122894418986107,6,3,0.04707008096672337
ONDO-USD,2025-02,1d,-0.4498035235524184,7,3,0.07692439567161159
USDD-USD,2025-02,1d,-0.022572353349150944,0,0,0.015
BNB-USD,2025-03,1d,0.03294119083853729,9,3,0.03383986768460986
XRP-USD,2025-03,1d,-0.2227352745309145,12,4,0.04958206302924657
SOL-USD,2025-03,1d,-0.13459600840187705,10,3,0.056765779250213345
TRX-USD,2025-03,1d,0.26181129483806215,9,3,0.02090985612910639
DOGE-USD,2025-03,1d,-0.12135468408509041,13,3,0.06765052045390196
BCH-USD,2025-03,1d,-0.08705463631231396,9,2,0.0709315498242031
LEO-USD,2025-03,1d,-0.0593128179179621,1,0,0.08813356919806431
LINK-USD,2025-03,1d,-0.04865746823053996,13,3,0.059161827084307526
XLM-USD,2025-03,1d,0.1998022873953596,14,1,0.0696812438451659
XAUt-USD,2025-03,1d,0.21720045383623074,2,0,0.02053178731056527
BGB-USD,2025-03,1d,0.10001949567082193,14,7,0.02023716687281513
PAXG-USD,2025-03,1d,0.16880283179936667,4,0,0.0221428825937659
AAVE-USD,2025-03,1d,-0.6273723836154568,5,3,0.09054137595727334
OKB-USD,2025-03,1d,-0.2079536628124515,6,3,0.04707008096672337
ONDO-USD,2025-03,1d,-0.27981956104451455,11,3,0.07692439567161159
USDD-USD,2025-03,1d,-0.0007036855425940303,0,0,0.015
BNB-USD,2025-04,1d,-0.0354265909788046,3,1,0.03383986768460986
XRP-USD,2025-04,1d,0.34607412764135004,15,1,0.04958206302924657
SOL-USD,2025-04,1d,0.3221610269005941,14,1,0.056765779250213345
TRX-USD,2025-04,1d,0.18156439443650016,6,2,0.02090985612910639
DOGE-USD,2025-04,1d,0.13078432463935313,11,1,0.06765052045390196
BCH-USD,2025-04,1d,0.2086601710572359,12,1,0.0709315498242031
LEO-USD,2025-04,1d,0.057284451974646794,3,0,0.08813356919806431
LINK-USD,2025-04,1d,-0.08869744679132055,9,2,0.059161827084307526
XLM-USD,2025-04,1d,0.10179424672200185,11,1,0.0696812438451659
XAUt-USD,2025-04,1d,0.02302138404920697,3,2,0.02053178731056527
BGB-USD,2025-04,1d,-0.15472098061542056,7,7,0.02023716687281513
PAXG-USD,2025-04,1d,0.032337512350004545,5,2,0.0221428825937659
AAVE-USD,2025-04,1d,0.12704862413000229,11,1,0.09054137595727334
OKB-USD,2025-04,1d,0.17534164260674515,6,0,0.04707008096672337
ONDO-USD,2025-04,1d,0.1253406491712485,13,1,0.07692439567161159
USDD-USD,2025-04,1d,0.001115347878785542,0,0,0.015
BNB-USD,2025-05,1d,0.19994049460525273,7,0,0.03383986768460986
XRP-USD,2025-05,1d,0.0025076218245158087,8,2,0.04958206302924657
SOL-USD,2025-05,1d,0.0344053244987299,10,2,0.056765779250213345
TRX-USD,2025-05,1d,0.15579086322537478,6,2,0.02090985612910639
DOGE-USD,2025-05,1d,0.1278565045555297,9,1,0.06765052045390196
BCH-USD,2025-05,1d,0.013110500056500314,3,0,0.0709315498242031
LEO-USD,2025-05,1d,-0.0021757046692255245,2,0,0.08813356919806431
LINK-USD,2025-05,1d,0.02842849530150488,10,2,0.059161827084307526
XLM-USD,2025-05,1d,-0.026347604178263283,5,1,0.0696812438451659
XAUt-USD,2025-05,1d,0.057198772994306646,2,1,0.02053178731056527
BGB-USD,2025-05,1d,-0.1642592558752949,8,8,0.02023716687281513
PAXG-USD,2025-05,1d,-0.0022644223457064074,2,1,0.0221428825937659
AAVE-USD,2025-05,1d,0.4267842535397176,15,0,0.09054137595727334
OKB-USD,2025-05,1d,-0.06621024290017885,2,1,0.04707008096672337
ONDO-USD,2025-05,1d,-0.04904637402967637,11,2,0.07692439567161159
USDD-USD,2025-05,1d,0.0006975021239850321,0,0,0.015
BNB-USD,2025-06,1d,-0.0265196030538209,2,1,0.03383986768460986
XRP-USD,2025-06,1d,-0.07249237817548419,6,2,0.04958206302924657
SOL-USD,2025-06,1d,-0.040594675501270105,8,2,0.056765779250213345
TRX-USD,2025-06,1d,-0.03853305774291584,5,3,0.02090985612910639
DOGE-USD,2025-06,1d,-0.2579015833356789,5,2,0.06765052045390196
BCH-USD,2025-06,1d,0.3375,9,0,0.0709315498242031
LEO-USD,2025-06,1d,0.11905402329286517,4,0,0.08813356919806431
LINK-USD,2025-06,1d,-0.16763713126203583,6,2,0.059161827084307526
XLM-USD,2025-06,1d,-0.1595776957151611,3,1,0.0696812438451659
XAUt-USD,2025-06,1d,0.00669085660505516,2,1,0.02053178731056527
BGB-USD,2025-06,1d,0.03877476818626746,7,4,0.02023716687281513
PAXG-USD,2025-06,1d,-0.11787959441111526,1,1,0.0221428825937659
AAVE-USD,2025-06,1d,0.19491988669857163,13,1,0.09054137595727334
OKB-USD,2025-06,1d,-0.015083189837750978,5,1,0.04707008096672337
ONDO-USD,2025-06,1d,-0.263642405296996,6,2,0.07692439567161159
USDD-USD,2025-06,1d,-0.00032673792222340123,0,0,0.015
BNB-USD,2025-07,1d,0.3484803969461791,12,1,0.03383986768460986
XRP-USD,2025-07,1d,0.3325753540401456,14,1,0.04958206302924657
SOL-USD,2025-07,1d,0.15893504606290662,11,1,0.056765779250213345
TRX-USD,2025-07,1d,0.23717260066756352,7,2,0.02090985612910639
DOGE-USD,2025-07,1d,0.26624797189377203,15,1,0.06765052045390196
BCH-USD,2025-07,1d,0.19160836152059346,7,0,0.0709315498242031
LEO-USD,2025-07,1d,-0.018051900042719355,0,0,0.08813356919806431
LINK-USD,2025-07,1d,0.3475145187470844,14,1,0.059161827084307526
XLM-USD,2025-07,1d,0.24590792357546887,16,1,0.0696812438451659
XAUt-USD,2025-07,1d,-0.005589736576530413,1,0,0.02053178731056527
BGB-USD,2025-07,1d,-0.20175925587529492,7,8,0.02023716687281513
PAXG-USD,2025-07,1d,-0.07751738298011333,0,0,0.0221428825937659
AAVE-USD,2025-07,1d,0.21587587212818105,13,1,0.09054137595727334
OKB-USD,2025-07,1d,-0.08856769808124226,0,0,0.04707008096672337
ONDO-USD,2025-07,1d,0.16008163767946826,16,1,0.07692439567161159
USDD-USD,2025-07,1d,-0.035228277627284116,0,0,0.015
BNB-USD,2025-08,1d,0.15088281340355023,7,1,0.03383986768460986
XRP-USD,2025-08,1d,-0.2133087960173543,2,1,0.04958206302924657
SOL-USD,2025-08,1d,0.46778653250878055,15,0,0.056765779250213345
TRX-USD,2025-08,1d,0.13930443645673224,7,3,0.02090985612910639
DOGE-USD,2025-08,1d,0.13918814534703416,11,1,0.06765052045390196
BCH-USD,2025-08,1d,-0.08711542891607678,4,1,0.0709315498242031
LEO-USD,2025-08,1d,0.12251396463483616,3,0,0.08813356919806431
LINK-USD,2025-08,1d,0.1559764726254798,12,1,0.059161827084307526
XLM-USD,2025-08,1d,-0.09440245587322352,4,1,0.0696812438451659
XAUt-USD,2025-08,1d,0.11187422440681984,1,0,0.02053178731056527
BGB-USD,2025-08,1d,-0.021307650366470626,7,4,0.02023716687281513
PAXG-USD,2025-08,1d,0.11380464068519358,1,0,0.0221428825937659
AAVE-USD,2025-08,1d,0.12615482454099036,8,0,0.09054137595727334
OKB-USD,2025-08,1d,0.19387342969934251,14,2,0.04707008096672337
ONDO-USD,2025-08,1d,0.13522428089889216,8,0,0.07692439567161159
USDD-USD,2025-08,1d,-0.0007157673082838301,0,0,0.015
BNB-USD,2025-09,1d,0.13956990193713864,10,2,0.03383986768460986
XRP-USD,2025-09,1d,-0.0028043934544439253,5,1,0.04958206302924657
SOL-USD,2025-09,1d,-0.05480613345167512,8,2,0.056765779250213345
TRX-USD,2025-09,1d,-0.11689416023442391,2,2,0.02090985612910639
DOGE-USD,2025-09,1d,0.12019243507849751,10,1,0.06765052045390196
BCH-USD,2025-09,1d,0.008506070293005905,6,1,0.0709315498242031
LEO-USD,2025-09,1d,-0.01670328401178267,0,0,0.08813356919806431
LINK-USD,2025-09,1d,-0.050392768288475054,4,1,0.059161827084307526
XLM-USD,2025-09,1d,0.024010287923065334,7,1,0.0696812438451659
XAUt-USD,2025-09,1d,0.17743453604749446,3,0,0.02053178731056527
BGB-USD,2025-09,1d,0.20551867310508895,8,3,0.02023716687281513
PAXG-USD,2025-09,1d,0.16025570078845702,4,0,0.0221428825937659
AAVE-USD,2025-09,1d,-0.19966480312328716,2,1,0.09054137595727334
OKB-USD,2025-09,1d,0.2232346967077501,10,1,0.04707008096672337
ONDO-USD,2025-09,1d,-0.09610774932602,6,1,0.07692439567161159
USDD-USD,2025-09,1d,-0.043547267914545953,1,0,0.015
BNB-USD,2025-10,1d,-0.005714404325044597,13,5,0.03383986768460986
XRP-USD,2025-10,1d,-0.03167815197499294,9,2,0.04958206302924657
SOL-USD,2025-10,1d,-0.09921653101107951,9,2,0.056765779250213345
TRX-USD,2025-10,1d,-0.15719081886907588,2,4,0.02090985612910639
DOGE-USD,2025-10,1d,-0.12135468408509041,13,3,0.06765052045390196
BCH-USD,2025-10,1d,-0.05058929894523317,10,2,0.0709315498242031
LEO-USD,2025-10,1d,0.002750662305188598,0,0,0.08813356919806431
LINK-USD,2025-10,1d,-0.2699564437587469,7,3,0.059161827084307526
XLM-USD,2025-10,1d,-0.10729148593261925,10,2,0.0696812438451659
XAUt-USD,2025-10,1d,0.09067032031911366,4,3,0.02053178731056527
BGB-USD,2025-10,1d,-0.08854568624286913,6,7,0.02023716687281513
PAXG-USD,2025-10,1d,-0.14735922497768117,4,4,0.0221428825937659
AAVE-USD,2025-10,1d,-0.023769556519309842,15,2,0.09054137595727334
OKB-USD,2025-10,1d,-0.2181636036679447,7,3,0.04707008096672337
ONDO-USD,2025-10,1d,-0.20255704585877538,11,2,0.07692439567161159
USDD-USD,2025-10,1d,-0.0008682171558939445,0,0,0.015
BNB-USD,2025-11,1d,-0.20495969620760662,6,4,0.03383986768460986
XRP-USD,2025-11,1d,-0.3400697366160057,4,3,0.04958206302924657
SOL-USD,2025-11,1d,-0.27248516576059045,9,3,0.056765779250213345
TRX-USD,2025-11,1d,-0.08918770625841717,2,3,0.02090985612910639
DOGE-USD,2025-11,1d,-0.4249414642990996,7,3,0.06765052045390196
BCH-USD,2025-11,1d,0.08506266906448218,9,1,0.0709315498242031
LEO-USD,2025-11,1d,0.04378528714823915,1,0,0.08813356919806431
LINK-USD,2025-11,1d,-0.4353061204625374,4,3,0.059161827084307526
XLM-USD,2025-11,1d,-0.4232779417828715,7,3,0.0696812438451659
XAUt-USD,2025-11,1d,0.11043396712990215,3,1,0.02053178731056527
BGB-USD,2025-11,1d,-0.43886010884705684,5,7,0.02023716687281513
PAXG-USD,2025-11,1d,0.09925599286665601,2,0,0.0221428825937659
AAVE-USD,2025-11,1d,-0.38329470159922496,6,2,0.09054137595727334
OKB-USD,2025-11,1d,-0.3476201846750155,8,4,0.04707008096672337
ONDO-USD,2025-11,1d,-0.40105276117985345,9,3,0.07692439567161159
USDD-USD,2025-11,1d,0.000966387253592984,0,0,0.015
BNB-USD,2025-12,1d,-0.11980757837816783,2,2,0.03383986768460986
XRP-USD,2025-12,1d,-0.2755101346029005,2,2,0.04958206302924657
SOL-USD,2025-12,1d,-0.034165195962614234,6,1,0.056765779250213345
TRX-USD,2025-12,1d,-0.04639795635728661,2,1,0.02090985612910639
DOGE-USD,2025-12,1d,-0.22223260438780928,4,1,0.06765052045390196
BCH-USD,2025-12,1d,0.05133792288066616,3,0,0.0709315498242031
LEO-USD,2025-12,1d,-0.0769007075941954,5,1,0.08813356919806431
LINK-USD,2025-12,1d,-0.18137670668764258,2,1,0.059161827084307526
XLM-USD,2025-12,1d,-0.20275324459327748,3,1,0.0696812438451659
XAUt-USD,2025-12,1d,0.027882810179071384,2,0,0.02053178731056527
BGB-USD,2025-12,1d,-0.2889370672054429,2,3,0.02023716687281513
PAXG-USD,2025-12,1d,0.024289176252386822,2,0,0.0221428825937659
AAVE-USD,2025-12,1d,-0.3297082402807791,3,1,0.09054137595727334
OKB-USD,2025-12,1d,0.13683203014899845,8,1,0.04707008096672337
ONDO-USD,2025-12,1d,-0.4019036101134043,1,1,0.07692439567161159
USDD-USD,2025-12,1d,-0.004279453109611495,0,0,0.015
SOL-USD,2025-01,4h,0.20746514743554145,27,5,0.0506287695291502
TRX-USD,2025-01,4h,-0.07974206764583869,13,7,0.025887180904880847
DOGE-USD,2025-01,4h,-0.17125156844222145,16,4,0.061470611851273636
BCH-USD,2025-01,4h,-0.0768995393264413,15,4,0.04948117686846861
LEO-USD,2025-01,4h,-0.18265674969019527,3,5,0.016381164873250836
LINK-USD,2025-01,4h,0.42571323375150316,27,3,0.06660969590835927
XLM-USD,2025-01,4h,0.06825352445292082,18,3,0.05934908833710506
XAUt-USD,2025-01,4h,0.21898214681239553,1,0,0.015
BGB-USD,2025-01,4h,0.4348330154786163,22,4,0.031684766122331
PAXG-USD,2025-01,4h,0.2275611275130541,1,0,0.015
AAVE-USD,2025-01,4h,0.23719778130616762,19,2,0.07471722087355222
OKB-USD,2025-01,4h,-0.05915452521960106,14,5,0.03277474718917861
ONDO-USD,2025-01,4h,0.025320914801541222,17,2,0.08281715833341047
USDD-USD,2025-01,4h,-0.0011201094739953987,0,0,0.015
BNB-USD,2025-02,4h,-0.22926349753575775,11,7,0.030415956891871276
XRP-USD,2025-02,4h,-0.7836865062481229,11,6,0.06654970130689349
SOL-USD,2025-02,4h,-0.6354711420785315,9,5,0.06660907891979871
TRX-USD,2025-02,4h,-0.11077747990104397,13,8,0.025820005608055956
DOGE-USD,2025-02,4h,-0.9335858515318068,10,8,0.05597468568600967
BCH-USD,2025-02,4h,-0.4099533444595545,5,3,0.06568870402295617
LEO-USD,2025-02,4h,-0.003842478932347149,4,2,0.027701793446868204
LINK-USD,2025-02,4h,-0.8537132462014416,8,6,0.06531104600070237
XLM-USD,2025-02,4h,-0.6280860796170964,11,6,0.05801675971742535
XAUt-USD,2025-02,4h,-0.05891462933714138,1,0,0.015
BGB-USD,2025-02,4h,-1.033334769556368,11,11,0.0441164078905168
XAUt-USD,2025-03,4h,0.31420431394355547,2,0,0.015
AAVE-USD,2025-03,4h,-0.6132754815849512,24,14,0.035952614533861095
OKB-USD,2025-03,4h,-0.18334002802614122,14,7,0.023999583584149276
ONDO-USD,2025-03,4h,-0.46203135375322746,34,16,0.035167535734498226
USDD-USD,2025-03,4h,-0.0011087638017124846,0,0,0.015
BNB-USD,2025-04,4h,-0.1453798962936162,7,6,0.015
XRP-USD,2025-04,4h,-0.21988429689672556,20,12,0.021983349784180702
SOL-USD,2025-04,4h,0.3523173163132378,25,12,0.02175405963748297
TRX-USD,2025-04,4h,0.018139591748895328,6,7,0.015
DOGE-USD,2025-04,4h,-0.030227630978297382,22,13,0.023522803652788908
BCH-USD,2025-04,4h,0.030224014136147163,19,13,0.020292352913471076
LEO-USD,2025-04,4h,0.42759140851747357,6,6,0.015
LINK-USD,2025-04,4h,-0.2898333071727029,23,13,0.024331338829644555
XLM-USD,2025-04,4h,0.018266349760669983,22,9,0.028033032745861258
XAUt-USD,2025-04,4h,0.19484814399882452,3,3,0.015
BGB-USD,2025-04,4h,0.1320589016667509,13,13,0.015
PAXG-USD,2025-04,4h,-0.10215379293618754,3,3,0.015
AAVE-USD,2025-04,4h,0.12420574552066684,29,9,0.035685631520596894
OKB-USD,2025-04,4h,0.19110797539466148,12,9,0.015
ONDO-USD,2025-04,4h,0.06979616630784222,28,11,0.028663778284531136
USDD-USD,2025-04,4h,0.0009503557742209523,0,0,0.015
BNB-USD,2025-05,4h,0.18158614798156122,6,5,0.015953768730537127
XRP-USD,2025-05,4h,-0.12168307586436641,17,10,0.025309314571189224
SOL-USD,2025-05,4h,-0.03178154021994487,16,7,0.030272580709281148
TRX-USD,2025-05,4h,0.21659708977178524,6,4,0.017069816914686262
DOGE-USD,2025-05,4h,0.11523013827367322,27,8,0.037081709080167356
BCH-USD,2025-05,4h,-0.08646080476708448,14,9,0.022658095261834984
LEO-USD,2025-05,4h,-0.06854828081006417,5,2,0.029778667376118412
LINK-USD,2025-05,4h,-0.14045674783134016,17,8,0.03274316716712041
XLM-USD,2025-05,4h,-0.1509912143487054,15,13,0.020457799843296987
XAUt-USD,2025-05,4h,0.2449801072254195,2,2,0.015
BGB-USD,2025-05,4h,-0.24207142406559795,12,11,0.016836274917989606
PAXG-USD,2025-05,4h,0.24672078989680812,2,2,0.015
AAVE-USD,2025-05,4h,0.16212401871007387,29,8,0.036504270812304826
OKB-USD,2025-05,4h,-0.36467483313208504,2,4,0.015
ONDO-USD,2025-05,4h,-0.2154601992469725,22,11,0.031219729431624335
USDD-USD,2025-05,4h,0.0007400592762860469,0,0,0.015
BNB-USD,2025-06,4h,0.015413745062905946,2,4,0.015
XRP-USD,2025-06,4h,0.140625,9,12,0.015
SOL-USD,2025-06,4h,-0.3084077456849991,16,13,0.018433273071906116
TRX-USD,2025-06,4h,0.2643380387536308,4,5,0.015
DOGE-USD,2025-06,4h,-0.47192634632940095,10,12,0.019875042690308063
BCH-USD,2025-06,4h,0.4072583047095577,18,7,0.020626032517610124
LEO-USD,2025-06,4h,0.20858003894194554,10,6,0.015
LINK-USD,2025-06,4h,-0.45556222394616275,15,16,0.01808099887846975
XLM-USD,2025-06,4h,-0.26743509105879637,6,9,0.015884559405757163
XRP-USD,2025-07,4h,0.2802861842474158,23,6,0.02983777495641782
SOL-USD,2025-07,4h,-0.07382593318325235,17,7,0.03041581132869724
TRX-USD,2025-07,4h,0.44979567216156285,6,4,0.015
DOGE-USD,2025-07,4h,0.34493487732670475,36,9,0.034334734175218616
BCH-USD,2025-07,4h,0.014882138108314392,13,4,0.03347588891706181
LEO-USD,2025-07,4h,-0.03469986736696228,0,1,0.015
LINK-USD,2025-07,4h,0.2556901426182776,27,9,0.028029994717840196
XLM-USD,2025-07,4h,0.546375756423422,39,8,0.03481769006981438
XAUt-USD,2025-07,4h,-0.17045130990538382,0,0,0.015
BGB-USD,2025-07,4h,-0.15562499999999999,11,15,0.015
PAXG-USD,2025-07,4h,-0.18538351507559128,0,0,0.015
AAVE-USD,2025-07,4h,-0.09128595519845475,19,9,0.027201915840597675
OKB-USD,2025-07,4h,-0.38436728531278275,3,4,0.015
ONDO-USD,2025-07,4h,0.20314867827033595,28,8,0.03142248956336413
USDD-USD,2025-07,4h,-0.0009547363644196594,0,0,0.015
BNB-USD,2025-08,4h,0.1666522966158118,9,8,0.015
XRP-USD,2025-08,4h,-0.3493728208466564,11,11,0.019602969293187382
SOL-USD,2025-08,4h,0.27442322188511753,24,8,0.025344877510199565
TRX-USD,2025-08,4h,0.44897197999152927,5,5,0.015
DOGE-USD,2025-08,4h,-0.061674629825356535,23,12,0.024402898830968023
BCH-USD,2025-08,4h,0.04227679246348998,9,7,0.022000143585676344
LEO-USD,2025-08,4h,0.23702579913322552,2,1,0.015
LINK-USD,2025-08,4h,0.31278541327625137,34,11,0.028089532248558695
XLM-USD,2025-08,4h,-0.650966337890004,14,14,0.020781585988975424
XAUt-USD,2025-08,4h,0.18212324636640914,1,0,0.015
BGB-USD,2025-08,4h,-0.2167472517119859,6,3,0.022405886122389286
PAXG-USD,2025-08,4h,0.18257561982869447,1,0,0.015
AAVE-USD,2025-08,4h,0.3139528158787653,25,7,0.028544924270686913
OKB-USD,2025-08,4h,0.225491084658388,35,10,0.03432896670861124
ONDO-USD,2025-08,4h,0.11494440812577522,18,10,0.023531743727255004
USDD-USD,2025-08,4h,-0.0006074447990977206,0,0,0.015
BNB-USD,2025-09,4h,0.15892237278036192,11,3,0.024645916981939704
XRP-USD,2025-09,4h,0.007406437474110135,5,4,0.020890449083627628
SOL-USD,2025-09,4h,0.039589800923422444,15,7,0.02441802137948757
TRX-USD,2025-09,4h,-0.09189497659846893,3,4,0.015
DOGE-USD,2025-09,4h,0.12394331289140609,18,6,0.029039506284528508
BCH-USD,2025-09,4h,0.0704958170219652,8,5,0.01973695416683875
LEO-USD,2025-09,4h,-0.016947013834687823,0,0,0.015
LINK-USD,2025-09,4h,-0.2804988406668417,12,8,0.024613316856727574
XLM-USD,2025-09,4h,0.14397203318632817,10,3,0.023672336056949152
XAUt-USD,2025-09,4h,0.40045178740425397,2,0,0.015
BGB-USD,2025-09,4h,0.14920062627037622,12,4,0.02382525963936487
PAXG-USD,2025-09,4h,0.402747346354372,2,0,0.015
AAVE-USD,2025-09,4h,-0.2997265996587521,6,6,0.0231502825070389
OKB-USD,2025-09,4h,0.12537271215285728,8,1,0.05361276490812836
ONDO-USD,2025-09,4h,-0.03648397114538966,11,5,0.02801479434374005
USDD-USD,2025-09,4h,-0.046900442077640034,1,0,0.015
BNB-USD,2025-10,4h,0.19238284914497855,18,4,0.0404422281195504
XRP-USD,2025-10,4h,-0.19043231683834164,12,4,0.047456447884509874
SOL-USD,2025-10,4h,-0.20818522991594363,10,4,0.04797520983099009
TRX-USD,2025-10,4h,-0.08241941772379506,3,6,0.019574744918000223
DOGE-USD,2025-10,4h,-0.17011855782086058,15,5,0.049991926841889404
BCH-USD,2025-10,4h,-0.08757423164730427,13,4,0.0399916191632033
LEO-USD,2025-10,4h,-0.13605593398853671,2,3,0.015
LINK-USD,2025-10,4h,-0.15891530440811039,13,4,0.05347625362050476
XLM-USD,2025-10,4h,-0.08966225722062518,19,6,0.04387191361834323
XAUt-USD,2025-10,4h,0.358797822075212,4,3,0.015
BGB-USD,2025-10,4h,-0.21658232220168427,6,2,0.05791983805927537
PAXG-USD,2025-10,4h,0.12281406208203406,4,5,0.015
AAVE-USD,2025-10,4h,-0.21514169776617564,13,4,0.05657857601192416
OKB-USD,2025-10,4h,-0.4526338523998857,8,4,0.056091662925848405
ONDO-USD,2025-10,4h,-0.1774829047140702,16,5,0.05063518106538086
USDD-USD,2025-10,4h,3.0390905703825413e-05,0,0,0.015
BNB-USD,2025-11,4h,-0.48496729363901975,7,9,0.017768140289141227
XRP-USD,2025-11,4h,-0.10410744355542194,11,8,0.023050746070181358
SOL-USD,2025-11,4h,-0.3193373727438484,11,9,0.026529748873150853
TRX-USD,2025-11,4h,-0.23241210896023404,1,3,0.015
DOGE-USD,2025-11,4h,-0.32888782200234346,14,9,0.024776504839714244
BCH-USD,2025-11,4h,-0.04049046230582462,14,7,0.026928117252659863
LEO-USD,2025-11,4h,0.07143668243475985,3,2,0.02023970677379833
LINK-USD,2025-11,4h,-0.1929504525295124,16,8,0.0310433822898625
XLM-USD,2025-11,4h,-0.5410150614301529,16,12,0.022304209090597337
XAUt-USD,2025-11,4h,0.2734739579040251,1,1,0.015
BGB-USD,2025-11,4h,-0.3429762233695874,8,12,0.015
PAXG-USD,2025-11,4h,0.15462493375185657,1,1,0.015
AAVE-USD,2025-11,4h,-0.3125175932338607,18,11,0.028724671507914763
OKB-USD,2025-11,4h,-0.2611808899357129,14,10,0.02620602966452245
ONDO-USD,2025-11,4h,-0.3101249813931099,19,11,0.02911607117031206
USDD-USD,2025-11,4h,0.0010736413317135884,0,0,0.015
BNB-USD,2025-12,4h,-0.2897216159414893,7,7,0.015
XRP-USD,2025-12,4h,-0.03131784768831494,8,5,0.023523504593463217
SOL-USD,2025-12,4h,-0.11205466056986552,15,12,0.018140613411081908
TRX-USD,2025-12,4h,0.041453894214082534,2,2,0.015
DOGE-USD,2025-12,4h,-0.0380572273198959,13,5,0.032687336614515276
BCH-USD,2025-12,4h,0.034454437638160015,13,5,0.030379524878919862
LEO-USD,2025-12,4h,0.31590710639820824,14,10,0.015126833587754471
LINK-USD,2025-12,4h,-0.3771465308966981,16,13,0.018171744984182416
XLM-USD,2025-12,4h,-0.1558316980173913,11,6,0.02940729055219936
XAUt-USD,2025-12,4h,0.07059952384712233,2,1,0.015
BGB-USD,2025-12,4h,-0.11905286281787995,2,3,0.015
PAXG-USD,2025-12,4h,0.04337813980924693,1,1,0.015
AAVE-USD,2025-12,4h,-0.05903814730760132,19,8,0.030137937611550765
OKB-USD,2025-12,4h,-0.03711083240172229,11,6,0.019180648084144523
ONDO-USD,2025-12,4h,-0.284024350579748,13,9,0.028134007167398563
TRX-USD,2025-01,1h,0.2374055917889018,14,18,0.015
DOGE-USD,2025-01,1h,-0.681911809695448,30,26,0.019021167569979267
BCH-USD,2025-01,1h,0.11620717305624567,21,22,0.01674193359648342
LEO-USD,2025-01,1h,-0.013455351580105343,8,7,0.015
LINK-USD,2025-01,1h,-0.014161207542583727,42,25,0.0222096344277245
XLM-USD,2025-01,1h,0.20483452458965987,41,27,0.02168586341797093
XAUt-USD,2025-01,1h,0.21951302000681608,1,0,0.015
BGB-USD,2025-01,1h,-0.3211355294941131,25,27,0.015
PAXG-USD,2025-01,1h,0.22574387198243132,1,0,0.015
AAVE-USD,2025-01,1h,-0.018684806595956616,45,22,0.025442210805204004
OKB-USD,2025-01,1h,-0.4988927278663323,16,23,0.015
ONDO-USD,2025-01,1h,-0.08535902758299926,50,18,0.036111483099222956
USDD-USD,2025-01,1h,-0.0011201094739953987,0,0,0.015
BNB-USD,2025-02,1h,-0.4042784028064489,16,24,0.015
XRP-USD,2025-02,1h,-0.8971258467265943,31,45,0.015173097421684035
SOL-USD,2025-02,1h,-1.230289981132737,25,35,0.019636097368773545
TRX-USD,2025-02,1h,0.04260671517753508,10,15,0.015
DOGE-USD,2025-02,1h,-1.6270062941822654,29,50,0.015
BCH-USD,2025-02,1h,-0.4802482645719465,23,21,0.021361027855791075
LEO-USD,2025-02,1h,0.06864529911168575,7,4,0.015
LINK-USD,2025-02,1h,-0.8569763321745267,31,38,0.018859079426570894
XLM-USD,2025-02,1h,-0.9773478415847421,29,41,0.01586613870670355
XAUt-USD,2025-02,1h,-0.050062675294448127,1,0,0.015
BGB-USD,2025-02,1h,-0.7343683091692764,28,43,0.015
PAXG-USD,2025-02,1h,0.06788751385640353,1,1,0.015
AAVE-USD,2025-02,1h,-0.27341270566952514,36,39,0.018175460890006257
OKB-USD,2025-02,1h,-0.2218209207994005,9,17,0.015
ONDO-USD,2025-02,1h,-0.5145929300128773,36,21,0.029814133114290084
USDD-USD,2025-02,1h,-0.022994706784702428,0,0,0.015
BNB-USD,2025-03,1h,0.5331124444350098,16,17,0.015
XRP-USD,2025-03,1h,-1.2593905579329294,27,36,0.015
SOL-USD,2025-03,1h,-1.011536426835246,28,38,0.015
TRX-USD,2025-03,1h,0.09238270003534126,8,9,0.015
DOGE-USD,2025-03,1h,-0.08274519147042156,28,36,0.015
BCH-USD,2025-03,1h,-0.49798355005445044,26,32,0.015
LEO-USD,2025-03,1h,-0.02195271961294566,1,1,0.015
XLM-USD,2025-03,1h,-0.5821147157651103,32,39,0.015
XAUt-USD,2025-03,1h,0.38669508215216414,2,0,0.015
BGB-USD,2025-03,1h,0.6973202152579688,24,20,0.015
PAXG-USD,2025-03,1h,0.325754102585488,2,0,0.015
AAVE-USD,2025-03,1h,-0.9302077926491802,37,46,0.015
OKB-USD,2025-03,1h,-0.15579958695083404,13,18,0.015
ONDO-USD,2025-03,1h,-0.7686494320039492,43,54,0.015
USDD-USD,2025-03,1h,-0.0011087638017124846,0,0,0.015
BNB-USD,2025-04,1h,-0.061110802550592785,6,7,0.015
XRP-USD,2025-04,1h,-0.152987491515687,21,24,0.015
SOL-USD,2025-04,1h,-0.30000128249632324,27,27,0.015
TRX-USD,2025-04,1h,-0.13990707153830953,3,4,0.015
DOGE-USD,2025-04,1h,0.10801215226030764,24,25,0.015
BCH-USD,2025-04,1h,0.12546219085674237,22,21,0.015
LEO-USD,2025-04,1h,0.13444039463352964,5,6,0.015
LINK-USD,2025-04,1h,-0.23468900947706062,23,25,0.015
XLM-USD,2025-04,1h,-0.029607889244380205,19,20,0.015552898229077634
XAUt-USD,2025-04,1h,0.19062611203931737,3,2,0.015
BGB-USD,2025-04,1h,-0.6476340934206201,14,18,0.015
PAXG-USD,2025-04,1h,0.3607416381611256,3,3,0.015
AAVE-USD,2025-04,1h,0.03804621485684038,32,26,0.017789762459193906
OKB-USD,2025-04,1h,0.34331143524430446,12,11,0.015
ONDO-USD,2025-04,1h,-0.6660634998417845,27,29,0.01681750492436999
TRX-USD,2025-05,1h,0.2525075674928667,5,5,0.015
DOGE-USD,2025-05,1h,0.2238219523804582,40,16,0.026438249980840073
BCH-USD,2025-05,1h,0.44248897811892673,18,12,0.01830502283848342
LEO-USD,2025-05,1h,-0.009375792794398876,6,5,0.018726238791125942
LINK-USD,2025-05,1h,0.1363590264249069,27,16,0.024066485446831407
XLM-USD,2025-05,1h,-0.8970741213824476,13,20,0.015
XAUt-USD,2025-05,1h,0.08608917833504165,1,2,0.015
BGB-USD,2025-05,1h,-0.18665154755175536,9,13,0.015
PAXG-USD,2025-05,1h,0.21299354123324518,2,3,0.015
AAVE-USD,2025-05,1h,0.7057080817582391,46,16,0.024449622580643506
OKB-USD,2025-05,1h,-0.48654983313208505,1,4,0.015
ONDO-USD,2025-05,1h,-0.002730407434428344,30,20,0.022243489236927184
USDD-USD,2025-05,1h,0.0007400592762860469,0,0,0.015
BNB-USD,2025-06,1h,0.16819893634012262,2,4,0.015
XRP-USD,2025-06,1h,-0.166875,8,12,0.015
SOL-USD,2025-06,1h,0.3738132770608354,16,17,0.015
TRX-USD,2025-06,1h,0.3136719931022708,4,4,0.015
DOGE-USD,2025-06,1h,-0.14271835138953975,12,21,0.015
BCH-USD,2025-06,1h,0.4438471339086391,18,15,0.015
LEO-USD,2025-06,1h,0.28170503894194554,7,6,0.015
LINK-USD,2025-06,1h,-0.48960180301410217,14,21,0.015
XLM-USD,2025-06,1h,0.24228846211712152,7,12,0.015
XAUt-USD,2025-06,1h,0.12057499254275171,1,1,0.015
BGB-USD,2025-06,1h,0.036963752555293466,7,9,0.015
PAXG-USD,2025-06,1h,0.11802256363431297,1,1,0.015
AAVE-USD,2025-06,1h,0.09839965132608995,27,28,0.015
OKB-USD,2025-06,1h,-0.3155063482867445,8,10,0.015
ONDO-USD,2025-06,1h,-0.6213902264813805,15,23,0.015
USDD-USD,2025-06,1h,0.000157832664954185,0,0,0.015
BNB-USD,2025-07,1h,0.4830544382020525,10,8,0.015
XRP-USD,2025-07,1h,0.7738022962073956,24,22,0.015
SOL-USD,2025-07,1h,0.4647855656763568,14,16,0.015590837393867935
TRX-USD,2025-07,1h,0.7610456721615628,8,4,0.015
DOGE-USD,2025-07,1h,0.24425000005965555,37,31,0.016094350428338917
BCH-USD,2025-07,1h,0.10138326171871086,15,16,0.015403235087129142
LEO-USD,2025-07,1h,-0.009570457876707223,0,1,0.015
LINK-USD,2025-07,1h,-0.24406214326436385,22,24,0.015
XLM-USD,2025-07,1h,0.8102070182892385,46,39,0.015537232856809203
XAUt-USD,2025-07,1h,-0.17045130990538382,0,0,0.015
BGB-USD,2025-07,1h,-0.144375,8,13,0.015
PAXG-USD,2025-07,1h,-0.18538351507559128,0,0,0.015
AAVE-USD,2025-07,1h,-0.9395019566899828,17,29,0.015
OKB-USD,2025-07,1h,-0.13456531183925108,3,6,0.015
ONDO-USD,2025-07,1h,0.4051344253867319,30,29,0.016614125952022215
USDD-USD,2025-07,1h,-0.0009547363644196594,0,0,0.015
BNB-USD,2025-08,1h,-0.06430977231164434,6,8,0.015
XRP-USD,2025-08,1h,-0.5143394021083805,12,20,0.015
SOL-USD,2025-08,1h,0.3601472067573195,22,25,0.015
TRX-USD,2025-08,1h,-0.06720511366042047,3,4,0.015
DOGE-USD,2025-08,1h,0.294375,23,28,0.015
BCH-USD,2025-08,1h,-0.6216143612514315,7,13,0.015
LEO-USD,2025-08,1h,0.3206426728683982,2,1,0.015
LINK-USD,2025-08,1h,-0.25173217786083113,36,31,0.015520707925450008
XLM-USD,2025-08,1h,-0.9567936351703065,14,25,0.015
XAUt-USD,2025-08,1h,0.18212324636640914,1,0,0.015
BGB-USD,2025-08,1h,-0.7783719956938149,6,8,0.015
PAXG-USD,2025-08,1h,0.18490328650103038,1,0,0.015
AAVE-USD,2025-08,1h,0.1767751268745451,20,21,0.015
OKB-USD,2025-08,1h,-0.29533456510702305,61,56,0.015
ONDO-USD,2025-08,1h,-0.920824593889156,15,23,0.015
USDD-USD,2025-08,1h,-0.0006074447990977206,0,0,0.015
BNB-USD,2025-09,1h,0.5853337572459532,8,6,0.015
XRP-USD,2025-09,1h,0.38008014463939616,7,8,0.015
SOL-USD,2025-09,1h,0.2875679301566379,12,14,0.015
TRX-USD,2025-09,1h,-0.006401407710036437,2,3,0.015
DOGE-USD,2025-09,1h,0.15353490495977895,18,19,0.015
BCH-USD,2025-09,1h,0.26651212802864394,7,8,0.015
LEO-USD,2025-09,1h,-0.016947013834687823,0,0,0.015
LINK-USD,2025-09,1h,-0.08709553401586163,9,12,0.015
XLM-USD,2025-09,1h,0.5417009028452776,12,13,0.015
XAUt-USD,2025-09,1h,0.4114408758218087,2,0,0.015
BGB-USD,2025-09,1h,0.1536050741541476,11,8,0.015
PAXG-USD,2025-09,1h,0.41026735915274914,2,0,0.015
AAVE-USD,2025-09,1h,-0.23793583479306107,7,15,0.015
OKB-USD,2025-09,1h,0.09627137685572962,11,13,0.015
ONDO-USD,2025-09,1h,0.13036760223554666,14,18,0.015
USDD-USD,2025-09,1h,-0.032178052804920296,1,0,0.015
BNB-USD,2025-10,1h,0.4601036667685912,30,29,0.015
XRP-USD,2025-10,1h,-0.17967459981042339,17,21,0.016312141009797068
SOL-USD,2025-10,1h,-0.3470788602908578,21,28,0.01527786364051564
TRX-USD,2025-10,1h,-0.3667898940602754,2,8,0.015
DOGE-USD,2025-10,1h,0.05809341268073695,22,29,0.015
BCH-USD,2025-10,1h,-0.03,16,19,0.015
LEO-USD,2025-10,1h,-0.1566809339885367,1,3,0.015
LINK-USD,2025-10,1h,-0.20733092570735606,22,28,0.016538501868061252
XLM-USD,2025-10,1h,-0.5253212469770733,20,25,0.015
XAUt-USD,2025-10,1h,0.03860450447902622,3,4,0.015
BGB-USD,2025-10,1h,0.17952519479995316,13,14,0.015
PAXG-USD,2025-10,1h,0.010495229197458683,3,5,0.015
AAVE-USD,2025-10,1h,0.1919262143769265,20,33,0.015
OKB-USD,2025-10,1h,-0.6524498268922253,18,32,0.015094362485144704
ONDO-USD,2025-10,1h,-0.3494701039308348,22,30,0.015
USDD-USD,2025-10,1h,3.0390905703825413e-05,0,0,0.015
BNB-USD,2025-11,1h,-0.239558896405415,8,17,0.015
XRP-USD,2025-11,1h,-0.3929139676411433,16,25,0.015
SOL-USD,2025-11,1h,-0.7425009251921074,13,24,0.015
TRX-USD,2025-11,1h,-0.09383113644809782,1,3,0.015
DOGE-USD,2025-11,1h,-0.4425,17,25,0.015
BCH-USD,2025-11,1h,-0.7737304152146317,12,21,0.015462810255084104
LEO-USD,2025-11,1h,0.2767153571888776,5,4,0.015
LINK-USD,2025-11,1h,-0.729929586570197,16,22,0.0168784496526828
XLM-USD,2025-11,1h,-0.7779550391456723,13,25,0.015
XAUt-USD,2025-11,1h,0.3145820904038192,2,1,0.015
BGB-USD,2025-11,1h,0.2797838710205178,10,11,0.015
PAXG-USD,2025-11,1h,0.32182071228431597,2,1,0.015
AAVE-USD,2025-11,1h,-0.45358635835338645,21,25,0.01572236236777593
OKB-USD,2025-11,1h,-0.7192325243060259,15,22,0.016470129862480854
ONDO-USD,2025-11,1h,-1.4949671783913436,14,28,0.015575532714459724
USDD-USD,2025-11,1h,0.0010736413317135884,0,0,0.015
BNB-USD,2025-12,1h,0.07080303380200348,6,8,0.015
XRP-USD,2025-12,1h,0.060384191062385066,8,12,0.015
SOL-USD,2025-12,1h,-0.28261510481690494,17,18,0.015
TRX-USD,2025-12,1h,0.23170104184757292,2,3,0.015
DOGE-USD,2025-12,1h,-0.012643283950765182,10,15,0.015
BCH-USD,2025-12,1h,0.18002810346739354,14,15,0.015
LEO-USD,2025-12,1h,0.3255745001763717,20,18,0.015
LINK-USD,2025-12,1h,-0.5722365598575017,16,16,0.015
XLM-USD,2025-12,1h,0.05153869260850115,13,16,0.015
XAUt-USD,2025-12,1h,-0.05767441791989768,1,1,0.015
BGB-USD,2025-12,1h,-0.17108387934495112,2,3,0.015
PAXG-USD,2025-12,1h,-0.043620655482391156,1,1,0.015
AAVE-USD,2025-12,1h,-0.2821604182035117,22,25,0.015
OKB-USD,2025-12,1h,0.17789828672091973,9,10,0.015
ONDO-USD,2025-12,1h,-0.16116129149586414,18,25,0.015
USDD-USD,2025-12,1h,-0.001479423746932298,0,0,0.015
