ticker,month,timeframe,roi,tp_hits,sl_hits,cycles,avg_spacing
BNB-USD,2025-01,1d,0.1867899002469312,3,0,3,4.931206740252201
XRP-USD,2025-01,1d,0.4041885413767522,9,0,9,9.6696039055875
SOL-USD,2025-01,1d,0.34642306570804066,9,0,9,10.0
TRX-USD,2025-01,1d,0.5242891955649429,7,0,7,7.171644471674956
DOGE-USD,2025-01,1d,0.21050377938703607,6,0,6,10.0
BCH-USD,2025-01,1d,0.5071588007015089,10,0,10,9.716664483294718
LEO-USD,2025-01,1d,0.4485760328425204,4,0,4,3.14451005929481
LINK-USD,2025-01,1d,0.496875,8,0,8,10.0
USDe-USD,2025-01,1d,3.7667260160487963,4,0,4,10.0
XLM-USD,2025-01,1d,0.46944242303021383,8,0,8,10.0
XAUt-USD,2025-01,1d,0.16875,3,0,3,1.5
BGB-USD,2025-01,1d,0.3450925843389268,9,0,9,8.947544980426494
PAXG-USD,2025-01,1d,0.1023186334237289,2,0,2,1.509626383432871
AAVE-USD,2025-01,1d,0.553125,8,0,8,10.0
OKB-USD,2025-01,1d,0.3787930102053724,8,0,8,9.264357453789348
ONDO-USD,2025-01,1d,0.5660801221095062,10,0,10,10.0
USDD-USD,2025-01,1d,0.00014145721321256132,0,0,0,1.5
BNB-USD,2025-02,1d,0.265151475530547,6,0,6,7.60330459464946
XRP-USD,2025-02,1d,-0.3472105267834741,2,0,2,10.0
SOL-USD,2025-02,1d,-0.9642335664410531,1,0,1,10.0
TRX-USD,2025-02,1d,0.42770806699874814,6,0,6,6.029607825277932
DOGE-USD,2025-02,1d,-0.4402976324338306,2,0,2,10.0
BCH-USD,2025-02,1d,-0.11806332503336307,0,0,0,8.575961577280383
LEO-USD,2025-02,1d,0.19032446527482533,1,0,1,4.639549728592736
LINK-USD,2025-02,1d,-0.23838378736854793,5,0,5,10.0
XLM-USD,2025-02,1d,0.09165633783599332,4,0,4,10.0
XAUt-USD,2025-02,1d,0.007710170321279292,2,0,2,1.5
BGB-USD,2025-02,1d,-2.6844062918769485,2,0,2,10.0
PAXG-USD,2025-02,1d,0.07301742328059846,3,0,3,1.6992478077105486
AAVE-USD,2025-02,1d,-0.4059930135999457,5,0,5,10.0
OKB-USD,2025-02,1d,-0.04371305290766032,4,0,4,6.119175262818585
ONDO-USD,2025-02,1d,-1.0489246902694866,3,0,3,10.0
USDD-USD,2025-02,1d,0.004309765944581159,0,0,0,1.5
BNB-USD,2025-03,1d,0.626561135471311,7,0,7,4.603699948314416
XRP-USD,2025-03,1d,-0.12491546024320996,3,0,3,8.814205334089225
SOL-USD,2025-03,1d,0.5533216564685609,5,0,5,8.776713960271945
TRX-USD,2025-03,1d,0.44062499999999993,5,0,5,4.55836174638555
DOGE-USD,2025-03,1d,0.09816045019982994,4,0,4,9.728682485801373
BCH-USD,2025-03,1d,-1.038488147366552,3,0,3,6.478828266237738
LEO-USD,2025-03,1d,-0.056171590623471275,2,0,2,2.5584320598081307
LINK-USD,2025-03,1d,0.3897217137922962,9,0,9,9.129336031927481
XLM-USD,2025-03,1d,0.5265106003266555,5,0,5,7.478423902782335
XAUt-USD,2025-03,1d,0.1428534274280355,3,0,3,1.5
BGB-USD,2025-03,1d,0.29196181828081536,9,0,9,6.881775003546601
PAXG-USD,2025-03,1d,0.22063769242333364,4,0,4,1.7098794961647943
AAVE-USD,2025-03,1d,0.33308187168729997,6,0,6,10.0
OKB-USD,2025-03,1d,0.28515409145773446,4,0,4,4.631168293010369
ONDO-USD,2025-03,1d,0.26616828582760715,4,0,4,10.0
USDD-USD,2025-03,1d,-0.0007036855425940303,0,0,0,1.5
BNB-USD,2025-04,1d,0.5520014264712881,5,0,5,2.99308431778711
XRP-USD,2025-04,1d,0.4866866326533273,7,0,7,5.9616897149327315
SOL-USD,2025-04,1d,0.6502072265345122,9,0,9,6.8624803203053695
TRX-USD,2025-04,1d,0.2320235312111254,4,0,4,3.7500217655907413
DOGE-USD,2025-04,1d,0.4411769553509658,7,0,7,7.734565253034773
BCH-USD,2025-04,1d,0.6176736614872971,11,0,11,7.198284698903004
LEO-USD,2025-04,1d,0.3222234152601777,5,0,5,4.067778450328817
LINK-USD,2025-04,1d,0.3506485157145107,6,0,6,7.542675456825871
XLM-USD,2025-04,1d,0.3707607227152039,8,0,8,7.352852246518241
XAUt-USD,2025-04,1d,0.11973923447019842,3,0,3,2.7919107959796103
BGB-USD,2025-04,1d,0.5747370522532583,7,0,7,4.9058664474298315
PAXG-USD,2025-04,1d,0.07593967235192395,4,0,4,2.869513540844762
AAVE-USD,2025-04,1d,0.4662972480565077,7,0,7,8.314929030599023
OKB-USD,2025-04,1d,0.3537245965257171,6,0,6,3.510077127514275
ONDO-USD,2025-04,1d,0.3822015104719321,11,0,11,10.0
USDD-USD,2025-04,1d,0.001115347878785542,0,0,0,1.5
BNB-USD,2025-05,1d,0.1896540683443709,6,0,6,4.291319260516727
XRP-USD,2025-05,1d,-0.33501822995604014,4,0,4,6.561706560758393
SOL-USD,2025-05,1d,-0.05608904199370954,5,0,5,8.459200611535765
TRX-USD,2025-05,1d,0.2465026644272257,6,0,6,4.266012261184068
DOGE-USD,2025-05,1d,-0.32799888235818797,6,0,6,10.0
BCH-USD,2025-05,1d,0.42150523494803566,6,0,6,7.653774434712965
LEO-USD,2025-05,1d,0.16572306379302973,3,0,3,4.467347280927539
LINK-USD,2025-05,1d,0.21224602700154718,9,0,9,10.0
XLM-USD,2025-05,1d,0.18819626590808183,6,0,6,6.810370187266815
XAUt-USD,2025-05,1d,0.31915210966537416,2,0,2,2.0856630141357693
BGB-USD,2025-05,1d,-0.043225244649984236,7,0,7,8.567943106554873
PAXG-USD,2025-05,1d,0.33739106698467364,2,0,2,2.095251154995655
AAVE-USD,2025-05,1d,0.314013304020591,11,0,11,10.0
OKB-USD,2025-05,1d,-0.37840234055636757,2,0,2,3.019371164730071
ONDO-USD,2025-05,1d,-0.14947601670943186,4,0,4,10.0
USDD-USD,2025-05,1d,0.0006975021239850321,0,0,0,1.5
BNB-USD,2025-06,1d,0.43593750000000003,3,0,3,2.9830479298871504
XRP-USD,2025-06,1d,0.515625,7,0,7,6.554451418869919
SOL-USD,2025-06,1d,0.421875,6,0,6,8.126868146513669
TRX-USD,2025-06,1d,0.4493891052077924,6,0,6,3.03941393062112
DOGE-USD,2025-06,1d,0.5055252261913483,5,0,5,7.8439901022786795
BCH-USD,2025-06,1d,0.4875,10,0,10,7.7205410278474575
LEO-USD,2025-06,1d,0.3508071470127288,5,0,5,2.542158106355482
LINK-USD,2025-06,1d,0.5482713312437955,7,0,7,8.401245148970574
XLM-USD,2025-06,1d,-0.12772209110147742,3,0,3,6.246941617722202
XAUt-USD,2025-06,1d,0.07880713009666579,2,0,2,1.6030213951210344
BGB-USD,2025-06,1d,0.47591135775788646,5,0,5,5.282286530110409
PAXG-USD,2025-06,1d,0.036889748686098754,2,0,2,1.6872177495763843
AAVE-USD,2025-06,1d,0.5134190145703906,9,0,9,10.0
OKB-USD,2025-06,1d,0.14487705306242787,4,0,4,7.168565257008441
ONDO-USD,2025-06,1d,0.5419150888534022,7,0,7,10.0
USDD-USD,2025-06,1d,-0.00032673792222340123,0,0,0,1.5
BNB-USD,2025-07,1d,0.15330186153130854,7,0,7,6.93527691829313
XRP-USD,2025-07,1d,-0.06056952816888951,8,0,8,9.411928067816639
SOL-USD,2025-07,1d,-0.18983558512538365,6,0,6,9.238517328201738
TRX-USD,2025-07,1d,0.26888173744218874,6,0,6,4.985279236292612
DOGE-USD,2025-07,1d,-0.5050644664002175,8,0,8,10.0
BCH-USD,2025-07,1d,0.24785836152059348,7,0,7,8.621856566572648
LEO-USD,2025-07,1d,0.05123033551974003,0,0,0,1.5
LINK-USD,2025-07,1d,0.16976608546015995,9,0,9,10.0
XLM-USD,2025-07,1d,0.5625,12,0,12,10.0
XAUt-USD,2025-07,1d,-0.032513641968325825,1,0,1,1.5
BGB-USD,2025-07,1d,-0.17490000743482598,3,0,3,6.611278405978684
PAXG-USD,2025-07,1d,-0.102147131608217,1,0,1,1.5
AAVE-USD,2025-07,1d,-0.23476086163725993,8,0,8,10.0
OKB-USD,2025-07,1d,0.030296109170085402,1,0,1,3.983826200936373
ONDO-USD,2025-07,1d,-0.18569820082913793,9,0,9,10.0
USDD-USD,2025-07,1d,-0.0007978933565391344,0,0,0,1.5
BNB-USD,2025-08,1d,0.23681623380103703,6,0,6,5.561151922281157
XRP-USD,2025-08,1d,-0.27448681194224267,3,0,3,8.175801323246437
SOL-USD,2025-08,1d,0.2681971495737707,8,0,8,10.0
TRX-USD,2025-08,1d,0.04729162216068289,5,0,5,3.973926896512318
DOGE-USD,2025-08,1d,0.10379010720011138,5,0,5,9.956071092208735
BCH-USD,2025-08,1d,-0.08579857472093863,3,0,3,6.677443329153133
LEO-USD,2025-08,1d,0.12251396463483616,3,0,3,2.407611880493266
LINK-USD,2025-08,1d,0.2959619538783954,8,0,8,10.0
XLM-USD,2025-08,1d,-0.5492029954958343,6,0,6,8.900054732651022
XAUt-USD,2025-08,1d,0.13130232647681625,2,0,2,1.5
BGB-USD,2025-08,1d,-0.06930481946394139,2,0,2,5.030090661454974
PAXG-USD,2025-08,1d,0.13035810817096716,2,0,2,1.5
AAVE-USD,2025-08,1d,0.10516286544263495,7,0,7,10.0
OKB-USD,2025-08,1d,-0.01688700810307637,6,0,6,10.0
ONDO-USD,2025-08,1d,0.10497564007469917,7,0,7,9.372146511118004
USDD-USD,2025-08,1d,-0.0007157673082838301,0,0,0,1.5
BNB-USD,2025-09,1d,0.3801091080447805,8,0,8,6.502796047388543
XRP-USD,2025-09,1d,0.03620788217544032,4,0,4,5.6280881122827635
SOL-USD,2025-09,1d,-0.18553458274636797,6,0,6,8.01687075689211
TRX-USD,2025-09,1d,0.43328657937358,3,0,3,2.752251553925268
DOGE-USD,2025-09,1d,-0.20861948023019067,6,0,6,8.669875302908977
BCH-USD,2025-09,1d,-0.030332261268704315,4,0,4,5.2859344006442335
LEO-USD,2025-09,1d,-0.007875797735323431,0,0,0,1.5
LINK-USD,2025-09,1d,-0.06598199303203728,4,0,4,7.6124270007174575
XLM-USD,2025-09,1d,0.08262735222693664,5,0,5,6.512574507971191
XAUt-USD,2025-09,1d,0.15,4,0,4,1.5963366522881752
BGB-USD,2025-09,1d,0.181403174960451,4,0,4,5.253658944768535
PAXG-USD,2025-09,1d,0.16025570078845702,4,0,4,1.669757006722096
AAVE-USD,2025-09,1d,-0.24080042852259795,2,0,2,7.594622445259848
OKB-USD,2025-09,1d,0.24844719126873313,6,0,6,5.942136419893992
ONDO-USD,2025-09,1d,-0.38631908511197255,5,0,5,7.721247684594566
USDD-USD,2025-09,1d,0.01821054595098758,1,0,1,1.5
BNB-USD,2025-10,1d,1.0085287947774668,8,0,8,6.580884755641443
XRP-USD,2025-10,1d,2.1551905369216366,6,0,6,6.913154078277417
SOL-USD,2025-10,1d,0.5703913575865772,6,0,6,7.7892648253338965
TRX-USD,2025-10,1d,-0.6563285936746979,1,0,1,3.723041932642066
DOGE-USD,2025-10,1d,2.064864225593137,8,0,8,7.496545496234498
BCH-USD,2025-10,1d,0.402371674587921,4,0,4,7.321032116612744
LEO-USD,2025-10,1d,0.21091949315066813,1,0,1,2.473529564899647
LINK-USD,2025-10,1d,1.6359901003008235,7,0,7,8.928037023075397
XLM-USD,2025-10,1d,2.0934354561765214,5,0,5,7.202913261179476
XAUt-USD,2025-10,1d,-0.07789288406505875,3,0,3,3.6300110364517635
BGB-USD,2025-10,1d,1.0311426773272432,6,0,6,4.031882728618793
PAXG-USD,2025-10,1d,-0.10752479631715686,4,0,4,3.7488645594248986
AAVE-USD,2025-10,1d,1.6283203124999999,7,0,7,9.405469042333442
OKB-USD,2025-10,1d,0.8927160536022166,8,0,8,8.054545381887438
ONDO-USD,2025-10,1d,2.0412248401356194,5,0,5,8.770443334464046
USDD-USD,2025-10,1d,-0.0008682171558939445,0,0,0,1.5
BNB-USD,2025-11,1d,0.47751474173610403,1,0,1,6.5998805574217485
XRP-USD,2025-11,1d,0.3546063306472206,2,0,2,8.729505355799397
SOL-USD,2025-11,1d,-0.43140214321487297,1,0,1,9.588443485372578
TRX-USD,2025-11,1d,0.19635369244882894,2,0,2,2.4454736114709155
DOGE-USD,2025-11,1d,-0.4513594521012237,2,0,2,9.169189180245496
BCH-USD,2025-11,1d,0.33551666618524906,8,0,8,10.0
LEO-USD,2025-11,1d,0.5248836085053517,3,0,3,2.823111051472392
LINK-USD,2025-11,1d,-0.2176719079680697,2,0,2,8.446973940238529
XLM-USD,2025-11,1d,0.4003004089017122,5,0,5,8.650805214736398
XAUt-USD,2025-11,1d,0.3126543290616064,3,0,3,1.759017996683565
BGB-USD,2025-11,1d,1.2185632208675088,3,0,3,4.134151538304629
PAXG-USD,2025-11,1d,0.31231304084458317,3,0,3,1.9159876848379789
AAVE-USD,2025-11,1d,0.47870355414441296,7,0,7,9.564879936669632
OKB-USD,2025-11,1d,0.4492520369257,2,0,2,7.868328576911788
ONDO-USD,2025-11,1d,-0.8585441352661656,3,0,3,9.287542171998982
USDD-USD,2025-11,1d,0.000966387253592984,0,0,0,1.5
BNB-USD,2025-12,1d,0.32137299232901567,3,0,3,3.3839867684609857
XRP-USD,2025-12,1d,-0.7601613780671141,1,0,1,4.9582063029246575
SOL-USD,2025-12,1d,0.3546790690877788,7,0,7,5.676577925021334
TRX-USD,2025-12,1d,0.21094975673802766,2,0,2,2.090985612910639
DOGE-USD,2025-12,1d,-0.7743555303056746,2,0,2,6.765052045390196
BCH-USD,2025-12,1d,0.30209806482364004,8,0,8,7.093154982420311
LEO-USD,2025-12,1d,0.6833290210178711,4,0,4,8.81335691980643
LINK-USD,2025-12,1d,-0.2547311196346346,4,0,4,5.916182708430753
XLM-USD,2025-12,1d,-0.7840234755903657,2,0,2,6.96812438451659
XAUt-USD,2025-12,1d,0.0028904082149529132,2,0,2,2.0531787310565273
BGB-USD,2025-12,1d,0.3248141658723216,3,0,3,2.0237166872815133
PAXG-USD,2025-12,1d,-0.002549867323887156,2,0,2,2.2142882593765902
AAVE-USD,2025-12,1d,-0.5045330813924193,7,0,7,9.054137595727333
OKB-USD,2025-12,1d,0.3624172730491773,5,0,5,4.707008096672337
ONDO-USD,2025-12,1d,-1.5796323133161423,2,0,2,7.692439567161159
USDD-USD,2025-12,1d,-0.004279453109611495,0,0,0,1.5
BNB-USD,2025-01,4h,2.9980914528613902,8,0,8,1.5
XRP-USD,2025-01,4h,3.961604886620698,28,0,28,2.4942169622589825
SOL-USD,2025-01,4h,1.8894472609577315,19,0,19,3.8560599654209304
TRX-USD,2025-01,4h,-3.599069182429885,18,1,19,1.7131190708779103
DOGE-USD,2025-01,4h,3.98611384876538,21,0,21,3.27965476980103
BCH-USD,2025-01,4h,3.258664983819217,17,0,17,2.8220896903681045
LEO-USD,2025-01,4h,1.6084168918260182,7,0,7,1.7220989285012696
LINK-USD,2025-01,4h,2.5404348719267547,27,0,27,4.549152684065301
XLM-USD,2025-01,4h,2.0835944973204095,22,0,22,4.339921725451436
XAUt-USD,2025-01,4h,0.1650048058754146,3,0,3,1.5
BGB-USD,2025-01,4h,4.683547249713137,20,0,20,2.220457732815196
PAXG-USD,2025-01,4h,0.09634285407713833,2,0,2,1.5
AAVE-USD,2025-01,4h,2.51596985654749,20,0,20,4.631159073876734
OKB-USD,2025-01,4h,4.439937468706266,15,0,15,1.9855623047577302
ONDO-USD,2025-01,4h,2.3931034805295712,30,0,30,5.415133942173524
USDD-USD,2025-01,4h,-0.0011201094739953987,0,0,0,1.5
BNB-USD,2025-02,4h,0.511533293552493,9,0,9,3.562091164178629
XRP-USD,2025-02,4h,1.5993399380574191,13,0,13,5.240826749702523
SOL-USD,2025-02,4h,0.234199631308511,4,0,4,5.601003003419313
TRX-USD,2025-02,4h,2.8772017604015128,8,0,8,2.5669644497514925
DOGE-USD,2025-02,4h,0.8633871101610566,5,0,5,5.591468558115487
BCH-USD,2025-02,4h,2.264252804247026,11,0,11,4.8007149921920025
LEO-USD,2025-02,4h,0.6034372975656334,2,0,2,2.4520334356702853
LINK-USD,2025-02,4h,0.5487205346565679,7,0,7,5.635404233905407
XLM-USD,2025-02,4h,1.5323623814402891,7,0,7,5.279086790406794
XAUt-USD,2025-02,4h,-0.008539685301111604,2,0,2,1.5
BGB-USD,2025-02,4h,1.5874925090076795,5,0,5,4.820248603611546
PAXG-USD,2025-02,4h,0.1337928725638085,3,0,3,1.5
AAVE-USD,2025-02,4h,0.06547159037731035,9,0,9,6.1165710942014435
OKB-USD,2025-02,4h,0.322118080975797,6,0,6,3.701190915318543
ONDO-USD,2025-02,4h,1.2864311110791278,9,0,9,5.768707942374092
USDD-USD,2025-02,4h,0.004139313166415377,0,0,0,1.5
SOL-USD,2025-03,4h,3.1922591606007513,16,0,16,3.1481025002017384
TRX-USD,2025-03,4h,2.8110164861736666,7,0,7,1.5
DOGE-USD,2025-03,4h,2.710665360817984,15,0,15,3.2947190864820777
BCH-USD,2025-03,4h,3.196973033510403,13,0,13,2.609936986293012
LEO-USD,2025-03,4h,-0.6267333229247015,2,0,2,1.5
LINK-USD,2025-03,4h,3.7377789769583614,14,0,14,3.0447039714584143
XLM-USD,2025-03,4h,4.287725543594425,22,0,22,2.6932091778441984
XAUt-USD,2025-03,4h,0.15496864037419072,4,0,4,1.5
BGB-USD,2025-03,4h,3.41958465117179,16,0,16,1.8476425361857611
PAXG-USD,2025-03,4h,0.16196778885230742,4,0,4,1.5
AAVE-USD,2025-03,4h,2.921428549068987,11,0,11,3.8266591536142496
OKB-USD,2025-03,4h,-4.0140532116959005,19,1,20,1.5
ONDO-USD,2025-03,4h,-12.049800129760406,19,1,20,3.340973473244614
USDD-USD,2025-03,4h,-0.0011087638017124846,0,0,0,1.5
BNB-USD,2025-04,4h,2.1637503643658786,5,0,5,1.5
XRP-USD,2025-04,4h,3.6543502774731493,17,0,17,2.477183187097819
SOL-USD,2025-04,4h,3.6069419220434975,24,0,24,2.864961965833266
TRX-USD,2025-04,4h,1.7135034542003995,7,0,7,1.5
DOGE-USD,2025-04,4h,3.6707293687768288,23,0,23,2.97456556707886
BCH-USD,2025-04,4h,2.2938627630418886,17,0,17,3.1048594754541208
LEO-USD,2025-04,4h,0.8603867562855885,5,0,5,1.5
LINK-USD,2025-04,4h,2.8713388089316503,24,0,24,3.1470926808389246
XLM-USD,2025-04,4h,3.816259553344717,23,0,23,2.309648137661606
XAUt-USD,2025-04,4h,-0.0452431634869572,5,0,5,1.5
BGB-USD,2025-04,4h,-3.4160458426743756,12,1,13,1.5
PAXG-USD,2025-04,4h,0.010928777242297657,5,0,5,1.5
AAVE-USD,2025-04,4h,3.0140024750197516,28,0,28,3.669671928794581
OKB-USD,2025-04,4h,3.3138462501382313,13,0,13,1.5
ONDO-USD,2025-04,4h,2.3806299112068516,17,0,17,3.5589173592324457
USDD-USD,2025-04,4h,0.0009503557742209523,0,0,0,1.5
BNB-USD,2025-05,4h,1.012878175085316,8,0,8,1.5
XRP-USD,2025-05,4h,0.7962576781513961,11,0,11,2.9932428826433632
SOL-USD,2025-05,4h,-0.004380068604186818,16,0,16,3.168240923023479
TRX-USD,2025-05,4h,1.192876383505536,10,0,10,1.5391643796227645
DOGE-USD,2025-05,4h,-1.0555778022123015,21,0,21,4.495283318057018
BCH-USD,2025-05,4h,1.0971330380306243,12,0,12,2.970638039757649
LEO-USD,2025-05,4h,2.056982794957894,4,0,4,1.5
LINK-USD,2025-05,4h,1.1842125168808888,17,0,17,3.6013358770329615
XLM-USD,2025-05,4h,-0.09377128770027413,12,0,12,2.7408604150530294
XAUt-USD,2025-05,4h,0.9103328931132819,3,0,3,1.5
BGB-USD,2025-05,4h,-0.40501882799173466,13,0,13,3.342635956322363
PAXG-USD,2025-05,4h,0.9218525497148402,3,0,3,1.5
AAVE-USD,2025-05,4h,1.9660138135684795,28,0,28,3.6892080667739515
OKB-USD,2025-05,4h,-0.9850133186619496,4,0,4,1.5
ONDO-USD,2025-05,4h,-0.26062351953300095,14,0,14,3.891558739587003
USDD-USD,2025-05,4h,0.0007400592762860469,0,0,0,1.5
BNB-USD,2025-06,4h,1.864860569670236,5,0,5,1.5
XRP-USD,2025-06,4h,3.3368080607938824,11,0,11,1.9351965720026079
SOL-USD,2025-06,4h,3.7948093708108352,15,0,15,2.590141271865188
TRX-USD,2025-06,4h,1.80234375,7,0,7,1.5
DOGE-USD,2025-06,4h,-5.648527522072673,10,1,11,2.126595253793477
BCH-USD,2025-06,4h,2.130878383908639,19,0,19,2.4441145276868843
LEO-USD,2025-06,4h,1.3205932079894591,9,0,9,1.5
LINK-USD,2025-06,4h,4.788029612315768,14,0,14,2.4567450625870793
XLM-USD,2025-06,4h,-5.63184256842058,7,1,8,1.8172364509146806
XAUt-USD,2025-06,4h,0.07083889443258158,2,0,2,1.5
BGB-USD,2025-06,4h,-4.691657471071703,8,1,9,1.5
PAXG-USD,2025-06,4h,0.02310317688737996,2,0,2,1.5
AAVE-USD,2025-06,4h,3.3029053189575284,17,0,17,3.394361458068291
OKB-USD,2025-06,4h,2.987322882013741,7,0,7,1.5
ONDO-USD,2025-06,4h,3.2560240929492097,14,0,14,2.8360434153959675
USDD-USD,2025-06,4h,0.000157832664954185,0,0,0,1.5
BNB-USD,2025-07,4h,0.702808935333851,14,0,14,2.381558135055664
XRP-USD,2025-07,4h,1.4785287917811911,19,0,19,3.1101057105415664
SOL-USD,2025-07,4h,0.7887204373243731,15,0,15,3.0843746588084278
TRX-USD,2025-07,4h,0.8509913742016579,10,0,10,1.6731197063987044
DOGE-USD,2025-07,4h,1.15111873424863,23,0,23,3.9938329241439785
BCH-USD,2025-07,4h,1.3901623412742263,12,0,12,2.8436973952496842
LEO-USD,2025-07,4h,0.049889997446152856,0,0,0,1.5
LINK-USD,2025-07,4h,0.654518227162098,19,0,19,3.559985101359433
XLM-USD,2025-07,4h,1.8820117228882918,28,0,28,3.9139718749404198
XAUt-USD,2025-07,4h,-0.0317574370672628,1,0,1,1.5
BGB-USD,2025-07,4h,2.327076567985641,10,0,10,1.84384851644613
PAXG-USD,2025-07,4h,-0.09955295861047489,1,0,1,1.5
AAVE-USD,2025-07,4h,0.2957754696346092,14,0,14,3.5940767161882032
OKB-USD,2025-07,4h,0.5767510321371082,3,0,3,1.5
ONDO-USD,2025-07,4h,1.6909821566323444,24,0,24,4.378468440178398
USDD-USD,2025-07,4h,-0.0009547363644196594,0,0,0,1.5
BNB-USD,2025-08,4h,2.0512425643048484,11,0,11,1.5
XRP-USD,2025-08,4h,2.6728343234216116,10,0,10,1.6907703038672321
SOL-USD,2025-08,4h,2.610820125472801,22,0,22,2.526218648652261
TRX-USD,2025-08,4h,0.0906895525157597,6,0,6,1.5
DOGE-USD,2025-08,4h,5.275199956142042,23,0,23,2.151610718554167
BCH-USD,2025-08,4h,2.929324985576459,8,0,8,1.624678576264178
ONDO-USD,2025-08,4h,4.1484908800602165,17,0,17,1.953460622008639
USDD-USD,2025-08,4h,-0.0006074447990977206,0,0,0,1.5
BNB-USD,2025-09,4h,1.5928536451211766,10,0,10,1.8795146470736095
XRP-USD,2025-09,4h,1.9287355095165368,10,0,10,1.9505509094641131
SOL-USD,2025-09,4h,-1.0001076856366489,10,0,10,2.6188803937583294
TRX-USD,2025-09,4h,1.7368043420695904,4,0,4,1.5
DOGE-USD,2025-09,4h,-2.035835627430515,15,0,15,2.5489688194700286
BCH-USD,2025-09,4h,-4.8832986397657265,8,1,9,1.5
LEO-USD,2025-09,4h,-0.008490689725058473,0,0,0,1.5
LINK-USD,2025-09,4h,2.9103751944804754,11,0,11,2.545402687993459
XLM-USD,2025-09,4h,1.5827331159260574,12,0,12,2.2855178334821358
XAUt-USD,2025-09,4h,0.16258172231862772,4,0,4,1.5
BGB-USD,2025-09,4h,1.7294364393513024,10,0,10,1.5
PAXG-USD,2025-09,4h,0.1723357626152392,4,0,4,1.5
AAVE-USD,2025-09,4h,-0.2981242976619251,4,0,4,2.542891934975427
OKB-USD,2025-09,4h,4.171002014031674,14,0,14,1.6145533577524103
ONDO-USD,2025-09,4h,-3.3894438992168214,11,0,11,2.562289133081112
USDD-USD,2025-09,4h,0.019685617244194875,1,0,1,1.5
BNB-USD,2025-10,4h,-2.2853919741464415,14,0,14,2.513212733803622
XRP-USD,2025-10,4h,-4.294818560466283,13,1,14,3.440926260940596
SOL-USD,2025-10,4h,2.1364551456037955,13,0,13,3.668409044482716
TRX-USD,2025-10,4h,1.6731031208711284,2,0,2,1.5
DOGE-USD,2025-10,4h,-1.8696643477787076,15,1,16,3.4332284144475937
BCH-USD,2025-10,4h,1.7012575140341868,12,0,12,3.771950580072217
LEO-USD,2025-10,4h,0.3630201315696286,1,0,1,1.5
LINK-USD,2025-10,4h,-1.0123318440049478,16,1,17,4.147784849770461
XLM-USD,2025-10,4h,-2.532196461983913,12,1,13,3.4458063865232855
XAUt-USD,2025-10,4h,0.046318001906183785,6,0,6,1.5
BGB-USD,2025-10,4h,0.6168814384490361,10,1,11,1.8648296315100394
PAXG-USD,2025-10,4h,-0.46341794110616324,7,0,7,1.5
AAVE-USD,2025-10,4h,-3.1123384951271147,17,1,18,4.458835017490405
OKB-USD,2025-10,4h,1.5854834324044713,11,0,11,4.006389924449724
ONDO-USD,2025-10,4h,-3.086197220684353,17,1,18,4.0103317129556295
USDD-USD,2025-10,4h,3.0390905703825413e-05,0,0,0,1.5
BNB-USD,2025-11,4h,-11.0277176398934,9,2,11,1.7592283782173277
XRP-USD,2025-11,4h,-2.0112153888363355,13,1,14,2.3038022075493583
SOL-USD,2025-11,4h,-6.887592642242907,7,1,8,2.3075586729591375
TRX-USD,2025-11,4h,0.7743518804398264,2,0,2,1.5
DOGE-USD,2025-11,4h,-5.827023877004139,13,1,14,2.2260091729167533
BCH-USD,2025-11,4h,2.8270785430663454,13,0,13,2.4785459384729767
LEO-USD,2025-11,4h,1.5106168375313245,4,0,4,1.5
LINK-USD,2025-11,4h,-2.476326722573758,13,1,14,1.956986261231288
XLM-USD,2025-11,4h,-3.58219544791993,13,1,14,2.272717931650475
XAUt-USD,2025-11,4h,0.31501420444816175,3,0,3,1.5
BGB-USD,2025-11,4h,-8.102410138679843,9,2,11,1.5
PAXG-USD,2025-11,4h,0.3258692445451743,3,0,3,1.5
AAVE-USD,2025-11,4h,-3.868051334164229,16,1,17,2.2017534572436306
OKB-USD,2025-11,4h,3.666253767933631,6,0,6,3.0695602701026163
ONDO-USD,2025-11,4h,-8.050849537308823,14,1,15,2.691014468657671
USDD-USD,2025-11,4h,0.0010736413317135884,0,0,0,1.5
SOL-USD,2025-12,4h,2.8309414041453054,15,0,15,2.1145005640761814
TRX-USD,2025-12,4h,0.3460958220696375,2,0,2,1.5
DOGE-USD,2025-12,4h,-6.259911017170744,9,1,10,1.834603031256778
BCH-USD,2025-12,4h,2.5935254465976505,13,0,13,1.9661801254263342
LEO-USD,2025-12,4h,2.820865777705876,12,1,13,1.5
LINK-USD,2025-12,4h,3.120594964813281,12,0,12,2.1829401300691256
XLM-USD,2025-12,4h,-6.2405512590285435,11,1,12,1.9686214452469837
XAUt-USD,2025-12,4h,0.07391222808782914,3,0,3,1.5
BGB-USD,2025-12,4h,0.5605443379647659,4,0,4,1.5
PAXG-USD,2025-12,4h,0.11973506451153298,3,0,3,1.5
AAVE-USD,2025-12,4h,-2.500616925188406,12,0,12,2.136234172143569
OKB-USD,2025-12,4h,-4.474901342774501,14,1,15,1.5
ONDO-USD,2025-12,4h,-7.458137229648237,11,1,12,2.3211461319838387
USDD-USD,2025-12,4h,-0.0014741503055847715,0,0,0,1.5
BNB-USD,2025-01,1h,3.4687401471486736,7,0,7,1.5
XRP-USD,2025-01,1h,4.371778965348203,43,1,44,1.5
SOL-USD,2025-01,1h,-3.79469070701949,39,2,41,1.650812568408539
TRX-USD,2025-01,1h,-1.188258471727695,18,1,19,1.5
DOGE-USD,2025-01,1h,-16.301162083221623,34,3,37,1.8202171785460304
BCH-USD,2025-01,1h,1.7524150677689612,22,1,23,1.5
LEO-USD,2025-01,1h,1.67236912960474,9,0,9,1.5
LINK-USD,2025-01,1h,-2.23252393316272,44,1,45,2.212343868698046
XLM-USD,2025-01,1h,7.312776816185887,44,1,45,1.5731133430724908
XAUt-USD,2025-01,1h,0.16674631616420812,3,0,3,1.5
BGB-USD,2025-01,1h,-6.191094705790565,33,2,35,1.5
PAXG-USD,2025-01,1h,0.10040513353622373,2,0,2,1.5
AAVE-USD,2025-01,1h,-6.5035836927722634,32,1,33,2.777713976584394
OKB-USD,2025-01,1h,-1.5747476315236781,17,1,18,1.5
ONDO-USD,2025-01,1h,5.557717547158245,53,1,54,2.0664232927424226
USDD-USD,2025-01,1h,-0.0011201094739953987,0,0,0,1.5
BNB-USD,2025-02,1h,-7.703702503886961,16,2,18,1.5
XRP-USD,2025-02,1h,-5.7849858309606494,26,2,28,1.9782216149967884
SOL-USD,2025-02,1h,-5.8953462107321135,11,1,12,2.7295415492893937
TRX-USD,2025-02,1h,-2.0260273521119054,13,1,14,1.5
DOGE-USD,2025-02,1h,-6.6829903529573675,24,2,26,2.032782284427249
BCH-USD,2025-02,1h,-3.806316271829819,15,1,16,2.195834476435781
LEO-USD,2025-02,1h,2.2554509482658793,5,0,5,1.5
LINK-USD,2025-02,1h,-15.465674434040155,26,3,29,1.9952457757024533
XLM-USD,2025-02,1h,-9.42018107047259,20,2,22,2.0861308999347092
XAUt-USD,2025-02,1h,0.008148906912629171,2,0,2,1.5
BGB-USD,2025-02,1h,-16.70004839063395,21,4,25,1.5861530547897542
PAXG-USD,2025-02,1h,0.1337928725638085,3,0,3,1.5
AAVE-USD,2025-02,1h,-11.377842023020694,31,2,33,2.4209067685283374
OKB-USD,2025-02,1h,-8.35705973969767,14,2,16,1.5
ONDO-USD,2025-02,1h,-11.993809277082873,25,2,27,2.279813443551928
USDD-USD,2025-02,1h,0.004139313166415377,0,0,0,1.5
XRP-USD,2025-03,1h,-14.27374867437182,31,2,33,1.8979076150650853
SOL-USD,2025-03,1h,-9.40446406766543,29,2,31,1.6406284368560884
TRX-USD,2025-03,1h,-3.7844377518665713,13,1,14,1.5
DOGE-USD,2025-03,1h,-18.26723105594332,33,3,36,1.997506499579386
BCH-USD,2025-03,1h,-7.634272134075945,25,2,27,1.5
LEO-USD,2025-03,1h,-0.8546053456445952,2,0,2,1.5
LINK-USD,2025-03,1h,-12.359260714962437,39,3,42,1.7285745652952933
XLM-USD,2025-03,1h,-7.722648020123961,34,2,36,1.5107424943179582
XAUt-USD,2025-03,1h,0.16122319443102243,4,0,4,1.5
BGB-USD,2025-03,1h,-11.077908342744777,25,2,27,1.5
PAXG-USD,2025-03,1h,0.16362935159688277,4,0,4,1.5
AAVE-USD,2025-03,1h,-10.008346586896696,30,2,32,2.141222670210043
OKB-USD,2025-03,1h,-3.6718657116959,18,1,19,1.5
ONDO-USD,2025-03,1h,-16.279338864474667,37,3,40,2.0309726221725923
USDD-USD,2025-03,1h,-0.0011087638017124846,0,0,0,1.5
BNB-USD,2025-04,1h,2.1637503643658786,5,0,5,1.5
XRP-USD,2025-04,1h,0.8400892865913556,22,1,23,1.5490904946196127
SOL-USD,2025-04,1h,1.1150462166997204,31,1,32,1.5512624580734786
TRX-USD,2025-04,1h,1.8353784542003995,8,0,8,1.5
DOGE-USD,2025-04,1h,1.344503928855447,30,1,31,1.622819656041833
BCH-USD,2025-04,1h,0.5014012114296201,29,1,30,1.5
LEO-USD,2025-04,1h,1.5256594204967404,5,0,5,1.5
LINK-USD,2025-04,1h,1.3907598020037402,31,1,32,1.6495186828866055
XLM-USD,2025-04,1h,0.46410647099641206,26,1,27,1.5
XAUt-USD,2025-04,1h,0.06958511729349993,5,0,5,1.5
BGB-USD,2025-04,1h,-3.2182808268361076,15,1,16,1.5
PAXG-USD,2025-04,1h,0.3196123308290771,5,0,5,1.5
AAVE-USD,2025-04,1h,-0.013687764127389528,36,1,37,1.8491869358540456
OKB-USD,2025-04,1h,4.201535693098995,14,0,14,1.5
ONDO-USD,2025-04,1h,6.926802315948753,29,0,29,2.0281660971481057
USDD-USD,2025-04,1h,0.0009503557742209523,0,0,0,1.5
BNB-USD,2025-05,1h,1.2309686069026793,9,0,9,1.5
XRP-USD,2025-05,1h,-2.0293089848051022,13,1,14,1.5
SOL-USD,2025-05,1h,-0.27989425771842436,25,1,26,1.5
TRX-USD,2025-05,1h,1.3112468019661354,9,0,9,1.5
DOGE-USD,2025-05,1h,3.347440482225102,34,1,35,1.5220718138158136
BCH-USD,2025-05,1h,4.175299804689985,16,0,16,1.5
LEO-USD,2025-05,1h,2.0711641485240215,4,0,4,1.5
LINK-USD,2025-05,1h,-4.887770539557332,24,2,26,1.5
XLM-USD,2025-05,1h,0.3525509052867528,19,1,20,1.5
XAUt-USD,2025-05,1h,0.915089006185026,3,0,3,1.5
BGB-USD,2025-05,1h,-2.1982527528345055,18,1,19,1.5
PAXG-USD,2025-05,1h,0.9255435874694922,3,0,3,1.5
AAVE-USD,2025-05,1h,9.479420180914149,47,0,47,1.5
OKB-USD,2025-05,1h,-0.8184389462802937,4,0,4,1.5
ONDO-USD,2025-05,1h,-3.393059937394937,30,2,32,1.5
USDD-USD,2025-05,1h,0.0007400592762860469,0,0,0,1.5
BNB-USD,2025-06,1h,2.5312928028616444,5,0,5,1.5
XRP-USD,2025-06,1h,-2.627574587916188,14,1,15,1.5
SOL-USD,2025-06,1h,-0.7179871485747754,17,1,18,1.5691110907310493
TRX-USD,2025-06,1h,1.6218273068889173,6,0,6,1.5
DOGE-USD,2025-06,1h,-15.143060730465004,17,3,20,1.5
BCH-USD,2025-06,1h,5.9114221831667235,21,0,21,1.5
LEO-USD,2025-06,1h,1.732253798535694,10,0,10,1.5
LINK-USD,2025-06,1h,-6.740064977508628,22,2,24,1.5
XLM-USD,2025-06,1h,-3.32882792293376,9,1,10,1.5
XAUt-USD,2025-06,1h,0.01407564141041803,2,0,2,1.5
BGB-USD,2025-06,1h,-4.729157471071703,7,1,8,1.5
PAXG-USD,2025-06,1h,0.041476339084128996,2,0,2,1.5
AAVE-USD,2025-06,1h,1.957150980037568,33,1,34,1.717585637648722
OKB-USD,2025-06,1h,2.5935889083178334,8,0,8,1.5
ONDO-USD,2025-06,1h,-4.971096152249411,24,2,26,1.5
USDD-USD,2025-06,1h,0.000157832664954185,0,0,0,1.5
BNB-USD,2025-07,1h,1.6939598270057106,15,0,15,1.5
XRP-USD,2025-07,1h,-0.9694255062208685,29,1,30,1.5
SOL-USD,2025-07,1h,3.657229370809419,22,0,22,1.5303253818997526
TRX-USD,2025-07,1h,1.019934219272818,11,0,11,1.5
DOGE-USD,2025-07,1h,-5.775938062096429,39,1,40,1.8350921185285478
BCH-USD,2025-07,1h,5.353748934654978,18,0,18,1.5
LEO-USD,2025-07,1h,0.049889997446152856,0,0,0,1.5
LINK-USD,2025-07,1h,5.547849386663001,31,0,31,1.8012519099225042
XLM-USD,2025-07,1h,10.584420793959488,40,0,40,1.7921301745620148
XAUt-USD,2025-07,1h,-0.0317574370672628,1,0,1,1.5
BGB-USD,2025-07,1h,-1.4519313019593392,12,0,12,1.5
PAXG-USD,2025-07,1h,-0.06598044566437239,1,0,1,1.5
AAVE-USD,2025-07,1h,-3.006007140819638,22,1,23,1.6753210293996006
OKB-USD,2025-07,1h,0.5317974350955228,3,0,3,1.5
ONDO-USD,2025-07,1h,4.3489838048683485,29,0,29,2.4060245674517597
USDD-USD,2025-07,1h,-0.0009547363644196594,0,0,0,1.5
BNB-USD,2025-08,1h,1.8374286497538923,11,0,11,1.5
XRP-USD,2025-08,1h,-2.759433173888901,16,1,17,1.5
SOL-USD,2025-08,1h,-0.0722423039993555,28,1,29,1.5
TRX-USD,2025-08,1h,0.4756777860689544,6,0,6,1.5
DOGE-USD,2025-08,1h,4.571887762062943,22,0,22,1.5
BCH-USD,2025-08,1h,6.06582430974895,12,0,12,1.5
LEO-USD,2025-08,1h,0.13626068857623977,3,0,3,1.5
LINK-USD,2025-08,1h,1.639862533216583,36,1,37,1.5
XLM-USD,2025-08,1h,-7.89524791509095,15,2,17,1.5
XAUt-USD,2025-08,1h,0.13852515024893364,2,0,2,1.5
BGB-USD,2025-08,1h,2.412640346537828,9,0,9,1.5
PAXG-USD,2025-08,1h,0.13802828650103038,2,0,2,1.5
AAVE-USD,2025-08,1h,-7.614564124311418,29,2,31,1.5
OKB-USD,2025-08,1h,-11.925621135881157,46,5,51,1.5
ONDO-USD,2025-08,1h,3.404457161055343,19,0,19,1.5
USDD-USD,2025-08,1h,-0.0006074447990977206,0,0,0,1.5
BNB-USD,2025-09,1h,2.572582917027339,11,0,11,1.5
XRP-USD,2025-09,1h,3.580170771904668,10,0,10,1.5
SOL-USD,2025-09,1h,-1.5533050232406822,18,1,19,1.5
TRX-USD,2025-09,1h,1.8566104854486367,4,0,4,1.5
DOGE-USD,2025-09,1h,0.5843210740916401,25,1,26,1.5
BCH-USD,2025-09,1h,-4.623642901737367,9,1,10,1.5
LEO-USD,2025-09,1h,-0.008490689725058473,0,0,0,1.5
LINK-USD,2025-09,1h,-2.350759777645326,14,1,15,1.5
XLM-USD,2025-09,1h,4.218640668244097,13,0,13,1.5
XAUt-USD,2025-09,1h,0.16753246454445617,4,0,4,1.5
BGB-USD,2025-09,1h,2.5061777902355242,13,0,13,1.5
PAXG-USD,2025-09,1h,0.16812910031103456,4,0,4,1.5
AAVE-USD,2025-09,1h,-2.243399925825888,10,1,11,1.5
OKB-USD,2025-09,1h,5.502039708208159,14,0,14,1.5
ONDO-USD,2025-09,1h,-2.6454347176891497,15,1,16,1.5
USDD-USD,2025-09,1h,0.022798917058844383,1,0,1,1.5
BNB-USD,2025-10,1h,-10.722929730568358,35,3,38,1.5
XRP-USD,2025-10,1h,2.981042198823034,21,1,22,1.5
SOL-USD,2025-10,1h,0.9968111720687194,23,1,24,1.5
TRX-USD,2025-10,1h,1.6937155609253023,2,0,2,1.5
DOGE-USD,2025-10,1h,-0.5276062847842877,23,1,24,1.5
BCH-USD,2025-10,1h,1.8941548819733909,17,1,18,1.5
LEO-USD,2025-10,1h,0.36483002282720917,1,0,1,1.5
LINK-USD,2025-10,1h,-1.320362733194088,30,2,32,1.5
XLM-USD,2025-10,1h,-7.617333001275329,25,2,27,1.5
XAUt-USD,2025-10,1h,0.08357254360280422,5,0,5,1.5
BGB-USD,2025-10,1h,0.8577958530675642,11,1,12,1.5
PAXG-USD,2025-10,1h,-0.46341794110616324,7,0,7,1.5
AAVE-USD,2025-10,1h,-10.60670382933169,27,2,29,2.0199791738044413
OKB-USD,2025-10,1h,-7.032333695651177,20,3,23,1.6627772696785479
ONDO-USD,2025-10,1h,-7.548329452202361,28,3,31,1.5
USDD-USD,2025-10,1h,3.0390905703825413e-05,0,0,0,1.5
BNB-USD,2025-11,1h,-10.007139079610843,10,2,12,1.5
XRP-USD,2025-11,1h,-7.34832012542236,20,2,22,1.518544663211821
SOL-USD,2025-11,1h,-6.986944126193066,13,2,15,1.5
TRX-USD,2025-11,1h,1.0459131088719005,2,0,2,1.5
DOGE-USD,2025-11,1h,-8.135705405221197,16,2,18,1.5
BCH-USD,2025-11,1h,-0.5341250988582761,18,1,19,1.5048553274255523
LEO-USD,2025-11,1h,1.9688620938473105,5,0,5,1.5
LINK-USD,2025-11,1h,-12.229718572447347,22,3,25,1.5
XLM-USD,2025-11,1h,-7.761417191590153,19,2,21,1.5
XAUt-USD,2025-11,1h,0.31726161577267703,3,0,3,1.5
BGB-USD,2025-11,1h,-7.359403601957457,11,2,13,1.5
PAXG-USD,2025-11,1h,0.3277133936651444,3,0,3,1.5
AAVE-USD,2025-11,1h,-2.8641201104250102,23,2,25,1.5
OKB-USD,2025-11,1h,-9.751848806966882,17,3,20,1.5619177210928339
ONDO-USD,2025-11,1h,-10.884766499302623,20,3,23,1.5
USDD-USD,2025-11,1h,0.0010736413317135884,0,0,0,1.5
BNB-USD,2025-12,1h,1.46882253255033,6,0,6,1.5
XRP-USD,2025-12,1h,-3.210154253385044,9,1,10,1.5
SOL-USD,2025-12,1h,6.9547540371199466,16,0,16,1.5
TRX-USD,2025-12,1h,0.26275464118280073,2,0,2,1.5
DOGE-USD,2025-12,1h,-3.4410519295875566,13,1,14,1.5
BCH-USD,2025-12,1h,5.629550442225918,18,0,18,1.5
LEO-USD,2025-12,1h,3.636773722916769,21,1,22,1.5
LINK-USD,2025-12,1h,-2.3694965891069475,18,1,19,1.5
XLM-USD,2025-12,1h,-3.093818228272266,14,1,15,1.5
XAUt-USD,2025-12,1h,0.02863094409882251,3,0,3,1.5
BGB-USD,2025-12,1h,0.7709423320348652,4,0,4,1.5
PAXG-USD,2025-12,1h,0.04344837317867132,3,0,3,1.5
AAVE-USD,2025-12,1h,0.5060581972144064,20,1,21,1.5
OKB-USD,2025-12,1h,-4.030323870086723,15,1,16,1.5
ONDO-USD,2025-12,1h,0.668127861097928,15,1,16,1.5
USDD-USD,2025-12,1h,-0.001479423746932298,0,0,0,1.5
